Back to Contents,Data 4: Cities,Unnamed: 2,Unnamed: 3,Unnamed: 4,Unnamed: 5,Unnamed: 6,Unnamed: 7,Unnamed: 8,Unnamed: 9,Unnamed: 10
Sourcekey,EMM_EPMR_PTE_YBOS_DPG,EMM_EPMR_PTE_YORD_DPG,EMM_EPMR_PTE_YCLE_DPG,EMM_EPMR_PTE_YDEN_DPG,EMM_EPMR_PTE_Y44HO_DPG,EMM_EPMR_PTE_Y05LA_DPG,EMM_EPMR_PTE_YMIA_DPG,EMM_EPMR_PTE_Y35NY_DPG,EMM_EPMR_PTE_Y05SF_DPG,EMM_EPMR_PTE_Y48SE_DPG
Date,"Weekly Boston, MA Regular All Formulations Retail Gasoline Prices  (Dollars per Gallon)",Weekly Chicago Regular All Formulations Retail Gasoline Prices  (Dollars per Gallon),"Weekly Cleveland, OH Regular All Formulations Retail Gasoline Prices  (Dollars per Gallon)",Weekly Denver Regular All Formulations Retail Gasoline Prices  (Dollars per Gallon),Weekly Houston Regular All Formulations Retail Gasoline Prices  (Dollars per Gallon),Weekly Los Angeles Regular All Formulations Retail Gasoline Prices  (Dollars per Gallon),"Weekly Miami, FL Regular All Formulations Retail Gasoline Prices  (Dollars per Gallon)",Weekly New York City Regular All Formulations Retail Gasoline Prices  (Dollars per Gallon),Weekly San Francisco Regular All Formulations Retail Gasoline Prices  (Dollars per Gallon),"Weekly Seattle, WA Regular All Formulations Retail Gasoline Prices  (Dollars per Gallon)"
2000-06-05 00:00:00,,1.949,,1.489,1.485,1.54,,1.61,1.759,
2000-06-12 00:00:00,,2.091,,1.529,1.514,1.537,,1.65,1.766,
2000-06-19 00:00:00,,2.108,,1.603,1.546,1.533,,1.686,1.769,
2000-06-26 00:00:00,,1.989,,1.641,1.56,1.561,,1.705,1.785,
2000-07-03 00:00:00,,1.786,,1.634,1.552,1.602,,1.711,1.836,
2000-07-10 00:00:00,,1.688,,1.625,1.545,1.617,,1.708,1.861,
2000-07-17 00:00:00,,1.576,,1.611,1.536,1.605,,1.703,1.865,
2000-07-24 00:00:00,,1.45,,1.591,1.527,1.592,,1.69,1.866,
2000-07-31 00:00:00,,1.352,,1.563,1.524,1.567,,1.67,1.852,
2000-08-07 00:00:00,,1.357,,1.531,1.494,1.539,,1.656,1.843,
2000-08-14 00:00:00,,1.327,,1.499,1.463,1.536,,1.638,1.836,
2000-08-21 00:00:00,,1.368,,1.481,1.443,1.519,,1.633,1.856,
2000-08-28 00:00:00,,1.406,,1.477,1.451,1.569,,1.623,1.88,
2000-09-04 00:00:00,,1.545,,1.47,1.45,1.653,,1.625,1.928,
2000-09-11 00:00:00,,1.533,,1.568,1.455,1.695,,1.634,1.972,
2000-09-18 00:00:00,,1.506,,1.572,1.453,1.693,,1.63,1.966,
2000-09-25 00:00:00,,1.496,,1.561,1.43,1.685,,1.626,1.963,
2000-10-02 00:00:00,,1.471,,1.538,1.436,1.722,,1.616,1.952,
2000-10-09 00:00:00,,1.443,,1.519,1.409,1.714,,1.605,1.956,
2000-10-16 00:00:00,,1.556,,1.506,1.417,1.696,,1.609,1.951,
2000-10-23 00:00:00,,1.515,,1.528,1.419,1.681,,1.611,1.945,
2000-10-30 00:00:00,,1.573,,1.553,1.409,1.686,,1.613,1.942,
2000-11-06 00:00:00,,1.546,,1.548,1.399,1.677,,1.613,1.938,
2000-11-13 00:00:00,,1.511,,1.541,1.402,1.661,,1.603,1.929,
2000-11-20 00:00:00,,1.543,,1.533,1.392,1.627,,1.603,1.911,
2000-11-27 00:00:00,,1.511,,1.528,1.395,1.619,,1.599,1.902,
2000-12-04 00:00:00,,1.484,,1.514,1.383,1.618,,1.592,1.884,
2000-12-11 00:00:00,,1.452,,1.507,1.366,1.578,,1.579,1.86,
2000-12-18 00:00:00,,1.421,,1.492,1.335,1.561,,1.558,1.837,
2000-12-25 00:00:00,,1.415,,1.474,1.319,1.57,,1.545,1.805,
2001-01-01 00:00:00,,1.487,,1.442,1.352,1.542,,1.537,1.791,
2001-01-08 00:00:00,,1.477,,1.418,1.342,1.543,,1.524,1.774,
2001-01-15 00:00:00,,1.569,,1.422,1.383,1.517,,1.516,1.743,
2001-01-22 00:00:00,,1.546,,1.428,1.403,1.488,,1.51,1.734,
2001-01-29 00:00:00,,1.541,,1.438,1.383,1.457,,1.509,1.723,
2001-02-05 00:00:00,,1.501,,1.468,1.364,1.51,,1.505,1.718,
2001-02-12 00:00:00,,1.525,,1.466,1.381,1.563,,1.507,1.748,
2001-02-19 00:00:00,,1.477,,1.455,1.379,1.587,,1.508,1.763,
2001-02-26 00:00:00,,1.426,,1.444,1.362,1.588,,1.499,1.767,
2001-03-05 00:00:00,,1.411,,1.424,1.324,1.619,,1.492,1.796,
2001-03-12 00:00:00,,1.374,,1.413,1.32,1.622,,1.481,1.803,
2001-03-19 00:00:00,,1.408,,1.412,1.326,1.608,,1.471,1.813,
2001-03-26 00:00:00,,1.357,,1.412,1.353,1.596,,1.457,1.81,
2001-04-02 00:00:00,,1.52,,1.505,1.398,1.637,,1.466,1.844,
2001-04-09 00:00:00,,1.644,,1.508,1.449,1.671,,1.492,1.901,
2001-04-16 00:00:00,,1.62,,1.509,1.552,1.693,,1.552,1.954,
2001-04-23 00:00:00,,1.853,,1.635,1.572,1.736,,1.615,1.96,
2001-04-30 00:00:00,,1.832,,1.627,1.591,1.778,,1.668,2,
2001-05-07 00:00:00,,1.973,,1.73,1.613,1.927,,1.723,2.018,
2001-05-14 00:00:00,,2.049,,1.739,1.629,1.975,,1.759,1.976,
2001-05-21 00:00:00,,1.978,,1.727,1.598,1.977,,1.761,2.023,
2001-05-28 00:00:00,,1.93,,1.729,1.588,1.969,,1.797,2.041,
2001-06-04 00:00:00,,1.893,,1.761,1.56,1.938,,1.797,2.03,
2001-06-11 00:00:00,,1.802,,1.741,1.529,1.952,,1.783,2.031,
2001-06-18 00:00:00,,1.699,,1.721,1.51,1.938,,1.762,2.01,
2001-06-25 00:00:00,,1.572,,1.682,1.484,1.906,,1.744,1.982,
2001-07-02 00:00:00,,1.438,,1.63,1.424,1.873,,1.71,1.946,
2001-07-09 00:00:00,,1.35,,1.577,1.358,1.826,,1.684,1.926,
2001-07-16 00:00:00,,1.305,,1.52,1.327,1.776,,1.66,1.891,
2001-07-23 00:00:00,,1.419,,1.449,1.298,1.709,,1.621,1.843,
2001-07-30 00:00:00,,1.37,,1.38,1.277,1.661,,1.586,1.79,
2001-08-06 00:00:00,,1.443,,1.348,1.257,1.586,,1.556,1.748,
2001-08-13 00:00:00,,1.523,,1.328,1.269,1.542,,1.557,1.679,
2001-08-20 00:00:00,,1.654,,1.445,1.297,1.485,,1.542,1.659,
2001-08-27 00:00:00,,1.785,,1.577,1.3,1.478,,1.525,1.675,
2001-09-03 00:00:00,,1.884,,1.636,1.333,1.558,,1.511,1.817,
2001-09-10 00:00:00,,1.834,,1.616,1.347,1.599,,1.508,1.842,
2001-09-17 00:00:00,,1.793,,1.602,1.374,1.579,,1.502,1.831,
2001-09-24 00:00:00,,1.736,,1.58,1.366,1.563,,1.492,1.817,
2001-10-01 00:00:00,,1.647,,1.537,1.325,1.524,,1.463,1.795,
2001-10-08 00:00:00,,1.517,,1.485,1.269,1.463,,1.427,1.765,
2001-10-15 00:00:00,,1.429,,1.444,1.23,1.427,,1.403,1.738,
2001-10-22 00:00:00,,1.325,,1.37,1.181,1.377,,1.372,1.699,
2001-10-29 00:00:00,,1.255,,1.315,1.159,1.336,,1.344,1.683,
2001-11-05 00:00:00,,1.205,,1.246,1.1,1.276,,1.305,1.647,
2001-11-12 00:00:00,,1.276,,1.191,1.07,1.231,,1.276,1.609,
2001-11-19 00:00:00,,1.24,,1.152,1.048,1.183,,1.247,1.574,
2001-11-26 00:00:00,,1.181,,1.119,1.004,1.145,,1.22,1.526,
2001-12-03 00:00:00,,1.186,,1.074,0.99,1.101,,1.193,1.466,
2001-12-10 00:00:00,,1.202,,1.04,0.975,1.056,,1.169,1.417,
2001-12-17 00:00:00,,1.106,,1.016,0.97,1.002,,1.144,1.35,
2001-12-24 00:00:00,,1.143,,1.045,0.973,0.977,,1.137,1.296,
2001-12-31 00:00:00,,1.203,,1.049,0.992,0.966,,1.131,1.275,
2002-01-07 00:00:00,,1.184,,1.042,1.018,1.023,,1.143,1.277,
2002-01-14 00:00:00,,1.099,,1.105,1.022,1.108,,1.165,1.298,
2002-01-21 00:00:00,,1.095,,1.107,1.009,1.159,,1.162,1.276,
2002-01-28 00:00:00,,1.098,,1.091,0.998,1.197,,1.162,1.265,
2002-02-04 00:00:00,,1.115,,1.078,1.008,1.237,,1.155,1.245,
2002-02-11 00:00:00,,1.094,,1.069,1.022,1.24,,1.157,1.237,
2002-02-18 00:00:00,,1.135,,1.064,1.054,1.278,,1.156,1.273,
2002-02-25 00:00:00,,1.134,,1.139,1.039,1.28,,1.162,1.306,
2002-03-04 00:00:00,,1.201,,1.135,1.041,1.303,,1.165,1.343,
2002-03-11 00:00:00,,1.28,,1.153,1.146,1.444,,1.204,1.44,
2002-03-18 00:00:00,,1.379,,1.228,1.217,1.483,,1.271,1.506,
2002-03-25 00:00:00,,1.487,,1.348,1.288,1.543,,1.338,1.574,
2002-04-01 00:00:00,,1.469,,1.347,1.31,1.567,,1.373,1.632,
2002-04-08 00:00:00,,1.57,,1.355,1.355,1.582,,1.405,1.673,
2002-04-15 00:00:00,,1.528,,1.356,1.371,1.581,,1.437,1.668,
2002-04-22 00:00:00,,1.495,,1.353,1.371,1.574,,1.45,1.668,
2002-04-29 00:00:00,,1.475,,1.381,1.359,1.57,,1.451,1.66,
2002-05-06 00:00:00,,1.499,,1.378,1.354,1.552,,1.457,1.646,
2002-05-13 00:00:00,,1.504,,1.365,1.334,1.539,,1.457,1.622,
2002-05-20 00:00:00,,1.6,,1.358,1.334,1.523,,1.457,1.611,
2002-05-27 00:00:00,,1.557,,1.354,1.33,1.517,,1.451,1.62,
2002-06-03 00:00:00,,1.58,,1.351,1.321,1.521,,1.45,1.633,
2002-06-10 00:00:00,,1.545,,1.34,1.31,1.533,,1.442,1.633,
2002-06-17 00:00:00,,1.505,,1.33,1.296,1.574,,1.437,1.655,
2002-06-24 00:00:00,,1.484,,1.323,1.294,1.58,,1.433,1.688,
2002-07-01 00:00:00,,1.473,,1.381,1.294,1.577,,1.429,1.687,
2002-07-08 00:00:00,,1.462,,1.384,1.292,1.573,,1.426,1.681,
2002-07-15 00:00:00,,1.488,,1.38,1.3,1.566,,1.427,1.679,
2002-07-22 00:00:00,,1.479,,1.448,1.32,1.545,,1.448,1.669,
2002-07-29 00:00:00,,1.543,,1.472,1.311,1.528,,1.458,1.659,
2002-08-05 00:00:00,,1.5,,1.465,1.309,1.562,,1.471,1.677,
2002-08-12 00:00:00,,1.466,,1.456,1.306,1.547,,1.473,1.664,
2002-08-19 00:00:00,,1.468,,1.435,1.299,1.535,,1.475,1.659,
2002-08-26 00:00:00,,1.512,,1.426,1.317,1.566,,1.482,1.656,
2002-09-02 00:00:00,,1.48,,1.412,1.314,1.582,,1.482,1.651,
2002-09-09 00:00:00,,1.514,,1.402,1.307,1.566,,1.483,1.646,
2002-09-16 00:00:00,,1.468,,1.395,1.326,1.554,,1.482,1.638,
2002-09-23 00:00:00,,1.511,,1.391,1.323,1.537,,1.483,1.621,
2002-09-30 00:00:00,,1.501,,1.393,1.327,1.524,,1.488,1.617,
2002-10-07 00:00:00,,1.575,,1.485,1.349,1.504,,1.492,1.612,
2002-10-14 00:00:00,,1.528,,1.484,1.369,1.492,,1.495,1.578,
2002-10-21 00:00:00,,1.594,,1.48,1.381,1.476,,1.499,1.587,
2002-10-28 00:00:00,,1.563,,1.479,1.383,1.462,,1.498,1.589,
2002-11-04 00:00:00,,1.548,,1.47,1.372,1.515,,1.503,1.648,
2002-11-11 00:00:00,,1.545,,1.459,1.372,1.54,,1.521,1.682,
2002-11-18 00:00:00,,1.468,,1.447,1.349,1.533,,1.518,1.681,
2002-11-25 00:00:00,,1.414,,1.429,1.339,1.51,,1.517,1.664,
2002-12-02 00:00:00,,1.381,,1.415,1.335,1.502,,1.515,1.657,
2002-12-09 00:00:00,,1.365,,1.388,1.308,1.473,,1.512,1.646,
2002-12-16 00:00:00,,1.381,,1.362,1.296,1.452,,1.507,1.636,
2002-12-23 00:00:00,,1.434,,1.359,1.323,1.446,,1.522,1.633,
2002-12-30 00:00:00,,1.502,,1.382,1.353,1.461,,1.542,1.651,
2003-01-06 00:00:00,,1.473,,1.452,1.384,1.527,,1.552,1.687,
2003-01-13 00:00:00,,1.504,,1.449,1.379,1.533,,1.549,1.719,
2003-01-20 00:00:00,,1.521,,1.44,1.389,1.577,,1.554,1.762,
2003-01-27 00:00:00,,1.518,,1.429,1.406,1.601,,1.551,1.765,
2003-02-03 00:00:00,,1.566,,1.461,1.473,1.629,,1.579,1.802,
2003-02-10 00:00:00,,1.633,,1.567,1.554,1.709,,1.649,1.844,
2003-02-17 00:00:00,,1.712,,1.603,1.568,1.836,,1.685,1.963,
2003-02-24 00:00:00,,1.721,,1.598,1.567,1.886,,1.694,2.011,
2003-03-03 00:00:00,,1.746,,1.593,1.568,1.983,,1.701,2.088,
2003-03-10 00:00:00,,1.785,,1.641,1.583,2.06,,1.708,2.15,
2003-03-17 00:00:00,,1.756,,1.657,1.596,2.134,,1.719,2.19,
2003-03-24 00:00:00,,1.691,,1.652,1.567,2.137,,1.714,2.175,
2003-03-31 00:00:00,,1.606,,1.632,1.549,2.128,,1.697,2.165,
2003-04-07 00:00:00,,1.584,,1.601,1.51,2.112,,1.684,2.146,
2003-04-14 00:00:00,,1.526,,1.547,1.475,2.085,,1.669,2.104,
2003-04-21 00:00:00,,1.559,,1.499,1.452,1.986,,1.654,2.062,
2003-04-28 00:00:00,,1.609,,1.48,1.413,1.952,,1.635,2.03,
2003-05-05 00:00:00,,1.516,,1.446,1.382,1.911,,1.613,1.986,
2003-05-12 00:00:00,,1.511,,1.429,1.357,1.863,,1.593,1.925,
2003-05-19 00:00:00,,1.566,,1.477,1.356,1.799,,1.575,1.887,
2003-05-26 00:00:00,1.508,1.591,1.414,1.461,1.353,1.749,1.515,1.559,1.836,1.534
2003-06-02 00:00:00,1.501,1.556,1.358,1.433,1.346,1.723,1.512,1.538,1.803,1.524
2003-06-09 00:00:00,1.488,1.632,1.515,1.428,1.368,1.69,1.523,1.518,1.771,1.522
2003-06-16 00:00:00,1.503,1.637,1.518,1.492,1.38,1.773,1.514,1.504,1.869,1.578
2003-06-23 00:00:00,1.498,1.57,1.407,1.48,1.362,1.769,1.526,1.496,1.904,1.58
2003-06-30 00:00:00,1.49,1.53,1.473,1.465,1.349,1.765,1.513,1.491,1.913,1.561
2003-07-07 00:00:00,1.493,1.535,1.422,1.451,1.361,1.736,1.502,1.494,1.907,1.604
2003-07-14 00:00:00,1.512,1.576,1.457,1.447,1.403,1.712,1.553,1.517,1.873,1.59
2003-07-21 00:00:00,1.528,1.615,1.531,1.456,1.415,1.683,1.567,1.528,1.839,1.584
2003-07-28 00:00:00,1.523,1.545,1.487,1.536,1.412,1.662,1.567,1.529,1.801,1.565
2003-08-04 00:00:00,1.535,1.61,1.508,1.54,1.417,1.673,1.568,1.53,1.787,1.596
2003-08-11 00:00:00,1.563,1.63,1.563,1.573,1.452,1.721,1.59,1.561,1.827,1.632
2003-08-18 00:00:00,1.585,1.673,1.624,1.608,1.494,1.922,1.631,1.6,2.007,1.817
2003-08-25 00:00:00,1.747,1.837,1.759,1.64,1.566,2.141,1.707,1.776,2.157,1.934
2003-09-01 00:00:00,1.799,1.807,1.716,1.712,1.57,2.131,1.73,1.837,2.149,1.936
2003-09-08 00:00:00,1.783,1.811,1.677,1.699,1.552,2.112,1.706,1.827,2.138,1.911
2003-09-15 00:00:00,1.775,1.806,1.715,1.677,1.515,2.056,1.7,1.807,2.11,1.861
2003-09-22 00:00:00,1.756,1.724,1.635,1.624,1.479,2.004,1.686,1.774,2.047,1.806
2003-09-29 00:00:00,1.725,1.658,1.541,1.568,1.434,1.933,1.652,1.756,1.957,1.734
2003-10-06 00:00:00,1.7,1.645,1.559,1.524,1.407,1.87,1.631,1.739,1.917,1.691
2003-10-13 00:00:00,1.69,1.672,1.578,1.481,1.39,1.809,1.606,1.723,1.879,1.628
2003-10-20 00:00:00,1.675,1.665,1.594,1.476,1.383,1.773,1.612,1.713,1.826,1.59
2003-10-27 00:00:00,1.64,1.627,1.511,1.553,1.371,1.727,1.564,1.693,1.795,1.56
2003-11-03 00:00:00,1.609,1.667,1.564,1.525,1.364,1.708,1.556,1.675,1.76,1.549
2003-11-10 00:00:00,1.574,1.601,1.454,1.494,1.347,1.672,1.547,1.654,1.744,1.534
2003-11-17 00:00:00,1.54,1.566,1.474,1.466,1.358,1.675,1.546,1.635,1.714,1.561
2003-11-24 00:00:00,1.54,1.586,1.495,1.44,1.37,1.707,1.545,1.615,1.7,1.554
2003-12-01 00:00:00,1.529,1.553,1.405,1.412,1.36,1.695,1.525,1.608,1.683,1.54
2003-12-08 00:00:00,1.512,1.538,1.379,1.384,1.339,1.673,1.513,1.597,1.671,1.517
2003-12-15 00:00:00,1.505,1.538,1.372,1.371,1.335,1.65,1.516,1.587,1.636,1.482
2003-12-22 00:00:00,1.512,1.546,1.45,1.467,1.366,1.623,1.511,1.581,1.62,1.469
2003-12-29 00:00:00,1.512,1.519,1.435,1.449,1.368,1.596,1.51,1.575,1.616,1.469
2004-01-05 00:00:00,1.52,1.565,1.528,1.431,1.393,1.632,1.55,1.578,1.644,1.509
2004-01-12 00:00:00,1.564,1.615,1.551,1.476,1.438,1.691,1.631,1.604,1.684,1.586
2004-01-19 00:00:00,1.593,1.663,1.555,1.497,1.493,1.721,1.668,1.634,1.714,1.642
2004-01-26 00:00:00,1.636,1.713,1.637,1.55,1.521,1.748,1.681,1.661,1.763,1.658
2004-02-02 00:00:00,1.642,1.676,1.575,1.523,1.533,1.79,1.708,1.676,1.765,1.667
2004-02-09 00:00:00,1.642,1.72,1.637,1.514,1.525,1.873,1.705,1.674,1.841,1.671
2004-02-16 00:00:00,1.643,1.722,1.632,1.567,1.521,1.917,1.694,1.677,1.874,1.682
2004-02-23 00:00:00,1.666,1.737,1.708,1.556,1.541,2.094,1.717,1.697,2.064,1.737
2004-03-01 00:00:00,1.683,1.755,1.712,1.584,1.534,2.179,1.73,1.72,2.155,1.794
2004-03-08 00:00:00,1.703,1.773,1.731,1.686,1.574,2.175,1.783,1.741,2.154,1.817
2004-03-15 00:00:00,1.704,1.715,1.606,1.688,1.569,2.15,1.789,1.742,2.138,1.813
2004-03-22 00:00:00,1.715,1.758,1.678,1.701,1.597,2.139,1.807,1.752,2.125,1.807
2004-03-29 00:00:00,1.725,1.825,1.729,1.772,1.612,2.111,1.818,1.758,2.108,1.805
2004-04-05 00:00:00,1.729,1.842,1.744,1.775,1.635,2.179,1.833,1.762,2.142,1.846
2004-04-12 00:00:00,1.71,1.855,1.719,1.764,1.632,2.21,1.836,1.765,2.176,1.881
2004-04-19 00:00:00,1.737,1.888,1.778,1.854,1.665,2.195,1.86,1.781,2.147,1.959
2004-04-26 00:00:00,1.745,1.897,1.771,1.824,1.652,2.162,1.87,1.792,2.133,2.003
2004-05-03 00:00:00,1.782,1.954,1.8,1.811,1.686,2.145,1.865,1.83,2.126,2.057
2004-05-10 00:00:00,1.904,2.014,1.89,1.933,1.783,2.25,1.957,1.936,2.237,2.161
2004-05-17 00:00:00,2.017,2.149,2.019,1.958,1.847,2.304,2.034,2.038,2.295,2.251
2004-05-24 00:00:00,2.064,2.176,2.058,2.008,1.886,2.356,2.081,2.097,2.355,2.307
2004-05-31 00:00:00,2.098,2.136,1.963,2.004,1.881,2.361,2.097,2.127,2.349,2.303
2004-06-07 00:00:00,2.101,2.109,1.987,1.989,1.88,2.344,2.09,2.134,2.348,2.278
2004-06-14 00:00:00,2.081,2.027,1.843,1.962,1.845,2.317,2.078,2.126,2.328,2.227
2004-06-21 00:00:00,2.047,1.951,1.739,1.916,1.809,2.284,2.029,2.098,2.286,2.161
2004-06-28 00:00:00,2.01,1.936,1.783,1.888,1.778,2.263,2.01,2.075,2.27,2.109
2004-07-05 00:00:00,1.968,1.918,1.816,1.86,1.739,2.223,1.983,2.05,2.24,2.044
2004-07-12 00:00:00,1.95,1.945,1.862,1.866,1.748,2.208,1.981,2.037,2.22,1.992
2004-07-19 00:00:00,1.94,1.98,1.894,1.913,1.766,2.193,1.983,2.029,2.197,1.97
2004-07-26 00:00:00,1.913,1.937,1.834,1.895,1.764,2.171,1.974,2.018,2.172,1.953
2004-08-02 00:00:00,1.911,1.912,1.839,1.873,1.746,2.125,1.905,2.002,2.161,1.935
2004-08-09 00:00:00,1.902,1.932,1.861,1.857,1.74,2.092,1.876,1.986,2.113,1.919
2004-08-16 00:00:00,1.898,1.953,1.865,1.84,1.75,2.051,1.866,1.971,2.082,1.911
2004-08-23 00:00:00,1.908,1.957,1.861,1.836,1.76,2.053,1.877,1.966,2.057,1.955
2004-08-30 00:00:00,1.892,1.908,1.783,1.826,1.745,2.118,1.863,1.946,2.129,1.991
2004-09-06 00:00:00,1.878,1.868,1.8,1.812,1.726,2.082,1.93,1.924,2.105,1.985
2004-09-13 00:00:00,1.861,1.886,1.816,1.804,1.709,2.054,1.924,1.912,2.087,1.982
2004-09-20 00:00:00,1.856,1.92,1.875,1.829,1.713,2.06,1.922,1.895,2.085,1.987
2004-09-27 00:00:00,1.9,1.979,1.922,1.874,1.783,2.091,1.971,1.915,2.109,1.999
2004-10-04 00:00:00,1.927,1.972,1.868,1.906,1.799,2.209,1.988,1.945,2.224,2.021
2004-10-11 00:00:00,1.961,2.034,2.018,1.91,1.833,2.349,2.024,1.991,2.371,2.053
2004-10-18 00:00:00,2.021,2.083,2.012,1.943,1.893,2.441,2.08,2.052,2.434,2.07
2004-10-25 00:00:00,2.019,2.059,1.956,1.965,1.883,2.432,2.074,2.058,2.425,2.068
2004-11-01 00:00:00,2.017,2.091,1.972,1.945,1.891,2.402,2.083,2.057,2.4,2.064
2004-11-08 00:00:00,2.007,2.04,1.882,1.927,1.876,2.36,2.083,2.041,2.385,2.056
2004-11-15 00:00:00,1.99,1.983,1.819,1.904,1.842,2.33,2.072,2.019,2.361,2.039
2004-11-22 00:00:00,1.964,1.954,1.85,1.884,1.813,2.284,2.052,1.993,2.32,2.014
2004-11-29 00:00:00,1.956,1.975,1.923,1.872,1.802,2.244,2.042,1.983,2.296,1.996
2004-12-06 00:00:00,1.936,1.929,1.812,1.852,1.776,2.214,2.032,1.971,2.241,1.969
2004-12-13 00:00:00,1.894,1.829,1.709,1.811,1.748,2.18,2.019,1.942,2.164,1.928
2004-12-20 00:00:00,1.861,1.808,1.763,1.787,1.677,2.072,1.981,1.927,2.071,1.88
2004-12-27 00:00:00,1.842,1.768,1.706,1.773,1.667,2.025,1.953,1.911,2.015,1.842
2005-01-03 00:00:00,1.818,1.779,1.756,1.738,1.631,1.992,1.927,1.88,1.965,1.822
2005-01-10 00:00:00,1.793,1.844,1.824,1.701,1.643,1.963,1.91,1.864,1.92,1.786
2005-01-17 00:00:00,1.8,1.864,1.813,1.729,1.69,1.981,1.913,1.851,1.894,1.784
2005-01-24 00:00:00,1.829,1.886,1.899,1.756,1.768,1.997,1.931,1.865,1.92,1.808
2005-01-31 00:00:00,1.898,1.94,1.924,1.81,1.8,2.08,1.976,1.922,1.95,1.856
2005-02-07 00:00:00,1.906,1.936,1.942,1.805,1.791,2.103,1.988,1.919,1.959,1.857
2005-02-14 00:00:00,1.895,1.9,1.923,1.801,1.769,2.138,1.981,1.897,2.03,1.879
2005-02-21 00:00:00,1.887,1.907,1.912,1.875,1.751,2.197,1.977,1.884,2.107,1.969
2005-02-28 00:00:00,1.874,1.959,1.949,1.881,1.752,2.216,1.979,1.881,2.139,2.016
2005-03-07 00:00:00,1.953,2.078,2.07,1.983,1.839,2.28,2.04,1.926,2.184,2.058
2005-03-14 00:00:00,1.97,2.121,2.095,2.054,1.91,2.329,2.124,1.973,2.25,2.132
2005-03-21 00:00:00,2.009,2.193,2.157,2.079,1.972,2.353,2.177,2.02,2.306,2.168
2005-03-28 00:00:00,2.051,2.197,2.172,2.157,2.038,2.397,2.24,2.067,2.389,2.227
2005-04-04 00:00:00,2.116,2.278,2.209,2.182,2.082,2.475,2.295,2.133,2.495,2.307
2005-04-11 00:00:00,2.173,2.334,2.244,2.259,2.125,2.602,2.365,2.196,2.634,2.454
2005-04-18 00:00:00,2.153,2.27,2.072,2.228,2.11,2.594,2.341,2.176,2.657,2.475
2005-04-25 00:00:00,2.193,2.278,2.166,2.205,2.087,2.579,2.345,2.204,2.649,2.471
2005-05-02 00:00:00,2.2,2.264,2.142,2.197,2.083,2.57,2.329,2.234,2.629,2.473
2005-05-09 00:00:00,2.183,2.205,2.021,2.167,2.062,2.515,2.31,2.222,2.598,2.461
2005-05-16 00:00:00,2.168,2.204,2.051,2.143,2.025,2.476,2.293,2.201,2.564,2.433
2005-05-23 00:00:00,2.138,2.137,2.025,2.103,1.983,2.439,2.261,2.18,2.506,2.392
2005-05-30 00:00:00,2.101,2.106,2.012,2.071,1.964,2.414,2.249,2.162,2.433,2.333
2005-06-06 00:00:00,2.11,2.127,2.03,2.061,1.974,2.377,2.237,2.155,2.389,2.299
2005-06-13 00:00:00,2.135,2.147,2.095,2.073,2.005,2.335,2.233,2.163,2.357,2.263
2005-06-20 00:00:00,2.187,2.192,2.14,2.066,2.038,2.369,2.241,2.201,2.365,2.252
2005-06-27 00:00:00,2.215,2.297,2.206,2.116,2.069,2.419,2.29,2.242,2.449,2.304
2005-07-04 00:00:00,2.251,2.325,2.171,2.17,2.094,2.457,2.296,2.262,2.519,2.355
2005-07-11 00:00:00,2.388,2.424,2.336,2.257,2.188,2.523,2.352,2.383,2.575,2.411
2005-07-18 00:00:00,2.383,2.386,2.231,2.248,2.2,2.558,2.372,2.396,2.598,2.449
2005-07-25 00:00:00,2.368,2.365,2.164,2.235,2.192,2.546,2.356,2.417,2.578,2.442
2005-08-01 00:00:00,2.369,2.359,2.199,2.213,2.159,2.575,2.359,2.404,2.583,2.478
2005-08-08 00:00:00,2.394,2.464,2.343,2.283,2.262,2.622,2.417,2.422,2.639,2.538
2005-08-15 00:00:00,2.551,2.686,2.503,2.444,2.458,2.736,2.603,2.56,2.762,2.624
2005-08-22 00:00:00,2.606,2.786,2.59,2.599,2.565,2.766,2.71,2.615,2.786,2.677
2005-08-29 00:00:00,2.606,2.78,2.621,2.608,2.532,2.772,2.714,2.609,2.808,2.715
2005-09-05 00:00:00,3.207,3.074,3.06,3.028,2.976,3.004,3.004,3.276,3.039,2.878
2005-09-12 00:00:00,3.108,2.967,2.954,2.988,2.862,2.975,2.975,3.188,3.032,2.89
2005-09-19 00:00:00,2.93,2.808,2.667,2.892,2.728,2.934,2.89,2.997,2.994,2.86
2005-09-26 00:00:00,2.866,2.786,2.693,2.86,2.708,2.933,2.893,2.91,2.982,2.849
2005-10-03 00:00:00,2.88,2.912,2.914,2.898,2.868,2.974,3.001,2.883,3,2.852
2005-10-10 00:00:00,2.793,2.832,2.772,2.821,2.853,2.961,2.96,2.827,3.021,2.838
2005-10-17 00:00:00,2.672,2.739,2.57,2.764,2.787,2.895,2.905,2.755,2.95,2.785
2005-10-24 00:00:00,2.555,2.627,2.398,2.674,2.68,2.83,2.83,2.663,2.861,2.728
2005-10-31 00:00:00,2.441,2.54,2.267,2.545,2.499,2.771,2.828,2.55,2.738,2.633
2005-11-07 00:00:00,2.327,2.435,2.161,2.419,2.368,2.703,2.717,2.419,2.632,2.56
2005-11-14 00:00:00,2.212,2.335,2.176,2.342,2.274,2.638,2.601,2.335,2.55,2.487
2005-11-21 00:00:00,2.104,2.239,2.048,2.236,2.138,2.483,2.48,2.251,2.43,2.408
2005-11-28 00:00:00,2.05,2.181,2.03,2.171,2.052,2.437,2.445,2.196,2.369,2.363
2005-12-05 00:00:00,2.058,2.229,2.124,2.113,2.01,2.36,2.388,2.161,2.271,2.285
2005-12-12 00:00:00,2.123,2.24,2.173,2.113,2.104,2.31,2.392,2.208,2.21,2.205
2005-12-19 00:00:00,2.185,2.294,2.245,2.149,2.131,2.279,2.395,2.24,2.171,2.158
2005-12-26 00:00:00,2.179,2.304,2.178,2.102,2.111,2.257,2.372,2.251,2.161,2.129
2006-01-02 00:00:00,2.227,2.321,2.288,2.127,2.162,2.213,2.37,2.302,2.167,2.106
2006-01-09 00:00:00,2.332,2.401,2.356,2.264,2.261,2.321,2.429,2.403,2.285,2.177
2006-01-16 00:00:00,2.351,2.359,2.282,2.235,2.267,2.439,2.446,2.421,2.392,2.23
2006-01-23 00:00:00,2.371,2.351,2.296,2.22,2.266,2.435,2.461,2.45,2.395,2.26
2006-01-30 00:00:00,2.368,2.33,2.295,2.222,2.264,2.536,2.47,2.443,2.514,2.291
2006-02-06 00:00:00,2.341,2.333,2.279,2.21,2.252,2.57,2.47,2.414,2.544,2.295
2006-02-13 00:00:00,2.288,2.272,2.205,2.19,2.198,2.55,2.448,2.359,2.509,2.278
2006-02-20 00:00:00,2.216,2.243,2.112,2.154,2.149,2.507,2.41,2.282,2.438,2.229
2006-02-27 00:00:00,2.171,2.267,2.221,2.208,2.105,2.456,2.363,2.266,2.388,2.222
2006-03-06 00:00:00,2.209,2.458,2.383,2.277,2.14,2.512,2.411,2.296,2.443,2.279
2006-03-13 00:00:00,2.241,2.452,2.394,2.305,2.269,2.579,2.46,2.312,2.517,2.367
2006-03-20 00:00:00,2.394,2.553,2.502,2.465,2.454,2.662,2.637,2.459,2.611,2.48
2006-03-27 00:00:00,2.409,2.538,2.472,2.462,2.449,2.716,2.655,2.475,2.645,2.536
2006-04-03 00:00:00,2.513,2.666,2.554,2.495,2.571,2.776,2.719,2.573,2.758,2.58
2006-04-10 00:00:00,2.601,2.747,2.63,2.602,2.703,2.831,2.806,2.675,2.805,2.692
2006-04-17 00:00:00,2.701,2.85,2.775,2.704,2.785,2.921,2.904,2.792,2.899,2.762
2006-04-24 00:00:00,2.879,2.966,2.872,2.824,2.885,3.081,2.99,2.981,3.1,2.896
2006-05-01 00:00:00,2.896,2.942,2.847,2.824,2.889,3.262,2.982,2.991,3.226,3.001
2006-05-08 00:00:00,2.887,2.913,2.792,2.812,2.887,3.428,2.976,2.997,3.334,3.092
2006-05-15 00:00:00,2.996,2.986,2.899,2.811,2.895,3.404,2.979,3.067,3.332,3.138
2006-05-22 00:00:00,2.973,2.933,2.763,2.795,2.884,3.385,2.95,3.045,3.321,3.164
2006-05-29 00:00:00,2.929,2.927,2.707,2.778,2.836,3.344,2.913,3.026,3.289,3.182
2006-06-05 00:00:00,2.975,2.963,2.772,2.77,2.869,3.321,2.909,3.031,3.251,3.148
2006-06-12 00:00:00,2.991,2.983,2.8,2.807,2.881,3.27,2.916,3.052,3.217,3.115
2006-06-19 00:00:00,2.979,3.003,2.741,2.793,2.865,3.22,2.908,3.025,3.178,3.067
2006-06-26 00:00:00,2.955,3.055,2.787,2.777,2.83,3.187,2.902,3.015,3.122,3.027
2006-07-03 00:00:00,2.961,3.124,2.894,2.884,2.876,3.217,2.943,3.077,3.16,3.004
2006-07-10 00:00:00,3.014,3.198,2.913,2.914,2.9,3.283,2.97,3.118,3.206,3.032
2006-07-17 00:00:00,3.012,3.209,2.967,2.913,2.895,3.287,2.994,3.125,3.198,3.018
2006-07-24 00:00:00,3.026,3.196,2.965,2.935,2.903,3.265,3.025,3.125,3.173,3.013
2006-07-31 00:00:00,3.036,3.231,2.973,2.965,2.896,3.235,3.045,3.127,3.15,2.995
2006-08-07 00:00:00,3.036,3.237,3.005,3.014,2.91,3.232,3.071,3.117,3.133,3.019
2006-08-14 00:00:00,3.017,3.21,2.895,3.008,2.872,3.248,3.077,3.093,3.162,3.024
2006-08-21 00:00:00,2.962,3.152,2.756,2.991,2.812,3.197,3.047,3.013,3.122,2.99
2006-08-28 00:00:00,2.887,3.079,2.626,2.953,2.712,3.132,2.979,2.93,3.048,2.948
2006-09-04 00:00:00,2.76,2.937,2.487,2.893,2.581,3.027,2.923,2.822,2.985,2.888
2006-09-11 00:00:00,2.668,2.825,2.373,2.851,2.438,2.97,2.84,2.723,2.9,2.825
2006-09-18 00:00:00,2.527,2.693,2.22,2.758,2.288,2.863,2.719,2.607,2.822,2.748
2006-09-25 00:00:00,2.403,2.552,2.108,2.68,2.173,2.775,2.623,2.454,2.728,2.666
2006-10-02 00:00:00,2.287,2.433,2.081,2.579,2.098,2.693,2.534,2.354,2.669,2.604
2006-10-09 00:00:00,2.212,2.33,2.092,2.434,2.073,2.595,2.436,2.274,2.587,2.54
2006-10-16 00:00:00,2.169,2.26,2.077,2.291,2.034,2.534,2.371,2.219,2.514,2.493
2006-10-23 00:00:00,2.146,2.228,2.135,2.188,2.003,2.467,2.33,2.173,2.449,2.459
2006-10-30 00:00:00,2.148,2.269,2.189,2.153,2.016,2.421,2.313,2.177,2.407,2.391
2006-11-06 00:00:00,2.134,2.276,2.221,2.132,2,2.378,2.295,2.158,2.382,2.371
2006-11-13 00:00:00,2.152,2.311,2.227,2.113,2.025,2.461,2.301,2.185,2.469,2.429
2006-11-20 00:00:00,2.168,2.274,2.213,2.117,2.05,2.498,2.307,2.208,2.49,2.524
2006-11-27 00:00:00,2.199,2.297,2.247,2.116,2.061,2.5,2.316,2.236,2.492,2.528
2006-12-04 00:00:00,2.259,2.332,2.243,2.14,2.122,2.491,2.375,2.298,2.496,2.555
2006-12-11 00:00:00,2.264,2.315,2.21,2.145,2.153,2.497,2.388,2.317,2.494,2.594
2006-12-18 00:00:00,2.305,2.33,2.255,2.138,2.152,2.549,2.384,2.344,2.577,2.623
2006-12-25 00:00:00,2.338,2.371,2.301,2.153,2.177,2.586,2.395,2.395,2.66,2.646
2007-01-01 00:00:00,2.33,2.344,2.291,2.153,2.167,2.587,2.392,2.387,2.658,2.663
2007-01-08 00:00:00,2.316,2.308,2.251,2.147,2.152,2.62,2.368,2.362,2.695,2.67
2007-01-15 00:00:00,2.258,2.226,2.092,2.125,2.085,2.556,2.313,2.319,2.67,2.65
2007-01-22 00:00:00,2.192,2.132,1.983,2.076,2.027,2.506,2.257,2.26,2.637,2.595
2007-01-29 00:00:00,2.163,2.161,2.094,2.035,1.982,2.438,2.232,2.216,2.61,2.503
2007-02-05 00:00:00,2.13,2.256,2.229,2.074,1.988,2.499,2.223,2.185,2.662,2.449
2007-02-12 00:00:00,2.15,2.282,2.284,2.116,2.059,2.589,2.263,2.211,2.739,2.421
2007-02-19 00:00:00,2.196,2.36,2.34,2.213,2.099,2.672,2.326,2.26,2.807,2.463
2007-02-26 00:00:00,2.303,2.462,2.413,2.3,2.181,2.755,2.41,2.356,2.917,2.486
2007-03-05 00:00:00,2.44,2.529,2.48,2.437,2.351,2.855,2.559,2.51,2.998,2.577
2007-03-12 00:00:00,2.494,2.502,2.497,2.429,2.366,3.058,2.612,2.576,3.184,2.736
2007-03-19 00:00:00,2.511,2.517,2.463,2.51,2.37,3.111,2.61,2.611,3.225,2.802
2007-03-26 00:00:00,2.54,2.575,2.496,2.555,2.425,3.139,2.647,2.652,3.233,2.854
2007-04-02 00:00:00,2.631,2.687,2.628,2.601,2.557,3.221,2.721,2.759,3.32,2.954
2007-04-09 00:00:00,2.683,2.86,2.722,2.705,2.654,3.232,2.844,2.794,3.33,3.021
2007-04-16 00:00:00,2.739,2.974,2.804,2.765,2.729,3.283,2.939,2.848,3.381,3.087
2007-04-23 00:00:00,2.754,2.933,2.762,2.784,2.747,3.291,2.945,2.855,3.396,3.136
2007-04-30 00:00:00,2.863,3.093,2.933,2.907,2.822,3.348,3.006,2.945,3.462,3.294
2007-05-07 00:00:00,2.933,3.319,3.126,3.082,2.85,3.458,3.026,3.026,3.541,3.392
2007-05-14 00:00:00,2.96,3.367,3.14,3.215,2.845,3.438,3.083,3.048,3.532,3.421
2007-05-21 00:00:00,3.018,3.532,3.207,3.301,2.984,3.423,3.168,3.104,3.508,3.415
2007-05-28 00:00:00,3.035,3.621,3.341,3.3,3.003,3.381,3.195,3.136,3.506,3.36
2007-06-04 00:00:00,3.023,3.565,3.176,3.276,2.973,3.341,3.167,3.127,3.49,3.292
2007-06-11 00:00:00,2.995,3.459,2.968,3.227,2.913,3.305,3.137,3.095,3.423,3.198
2007-06-18 00:00:00,2.942,3.338,2.84,3.163,2.858,3.195,3.093,3.058,3.357,3.077
2007-06-25 00:00:00,2.917,3.238,2.906,3.11,2.811,3.153,3.046,3.027,3.309,3.032
2007-07-02 00:00:00,2.9,3.161,2.848,3.072,2.775,3.116,3.001,3.007,3.267,2.991
2007-07-09 00:00:00,2.899,3.149,2.935,3.053,2.759,3.093,3.002,3,3.241,2.974
2007-07-16 00:00:00,2.907,3.384,3.076,3.112,2.844,3.121,3.053,3.013,3.271,2.964
2007-07-23 00:00:00,2.874,3.26,2.829,3.043,2.805,3.076,3.044,2.987,3.234,2.919
2007-07-30 00:00:00,2.856,3.137,2.629,2.981,2.738,3.008,2.997,2.929,3.179,2.883
2007-08-06 00:00:00,2.811,3.064,2.649,2.924,2.698,2.965,2.93,2.878,3.139,2.858
2007-08-13 00:00:00,2.746,2.993,2.626,2.862,2.602,2.889,2.863,2.814,3.054,2.784
2007-08-20 00:00:00,2.704,3.075,2.772,2.82,2.601,2.818,2.841,2.777,2.964,2.759
2007-08-27 00:00:00,2.647,3.031,2.803,2.789,2.567,2.741,2.815,2.718,2.893,2.747
2007-09-03 00:00:00,2.642,3.202,2.977,2.838,2.544,2.752,2.818,2.707,2.876,2.794
2007-09-10 00:00:00,2.633,3.21,2.969,2.885,2.586,2.819,2.861,2.703,2.92,2.841
2007-09-17 00:00:00,2.628,3.115,2.79,2.847,2.561,2.895,2.871,2.697,2.957,2.864
2007-09-24 00:00:00,2.638,3.054,2.838,2.816,2.591,2.953,2.896,2.713,3.013,2.919
2007-10-01 00:00:00,2.648,2.969,2.671,2.79,2.604,2.961,2.908,2.718,3.018,2.93
2007-10-08 00:00:00,2.636,2.902,2.737,2.749,2.563,2.987,2.88,2.694,3.041,2.903
2007-10-15 00:00:00,2.629,2.842,2.737,2.733,2.545,3.024,2.895,2.689,3.113,2.918
2007-10-22 00:00:00,2.678,2.857,2.807,2.786,2.585,3.131,2.895,2.741,3.195,3.019
2007-10-29 00:00:00,2.745,2.91,2.909,2.779,2.618,3.124,2.932,2.797,3.244,3.086
2007-11-05 00:00:00,2.882,3.13,3.09,2.921,2.779,3.182,3.087,2.925,3.327,3.168
2007-11-12 00:00:00,2.976,3.179,3.177,3.026,2.863,3.324,3.185,3.039,3.47,3.221
2007-11-19 00:00:00,2.988,3.139,3.096,3.023,2.878,3.363,3.2,3.075,3.506,3.215
2007-11-26 00:00:00,3.017,3.123,3.024,3.013,2.898,3.37,3.2,3.089,3.496,3.21
2007-12-03 00:00:00,3.016,3.089,2.942,2.964,2.868,3.32,3.188,3.094,3.474,3.185
2007-12-10 00:00:00,3.012,3.028,2.81,2.874,2.822,3.292,3.172,3.08,3.436,3.141
2007-12-17 00:00:00,3,3.052,3,2.828,2.792,3.232,3.149,3.059,3.389,3.098
2007-12-24 00:00:00,2.999,3.032,2.968,2.794,2.778,3.204,3.144,3.053,3.364,3.09
2007-12-31 00:00:00,3.008,3.137,3.078,2.784,2.847,3.271,3.166,3.08,3.391,3.137
2008-01-07 00:00:00,3.043,3.227,3.185,2.839,2.92,3.316,3.201,3.121,3.427,3.189
2008-01-14 00:00:00,3.042,3.162,3.06,2.84,2.914,3.271,3.206,3.12,3.395,3.162
2008-01-21 00:00:00,3.017,3.091,2.952,2.825,2.868,3.204,3.177,3.083,3.326,3.084
2008-01-28 00:00:00,2.988,3.056,2.939,2.819,2.853,3.112,3.127,3.045,3.253,3.015
2008-02-04 00:00:00,2.962,3.071,3.009,2.874,2.836,3.06,3.1,3.02,3.223,2.998
2008-02-11 00:00:00,2.932,3.051,2.939,2.864,2.809,3.08,3.084,2.993,3.192,3.014
2008-02-18 00:00:00,2.94,3.17,3.078,2.896,2.867,3.161,3.162,3.029,3.298,3.126
2008-02-25 00:00:00,3.042,3.167,3.021,3.011,3.022,3.274,3.294,3.109,3.436,3.289
2008-03-03 00:00:00,3.051,3.155,3.051,3.029,3.04,3.43,3.299,3.128,3.531,3.414
2008-03-10 00:00:00,3.077,3.272,3.227,3.04,3.098,3.524,3.337,3.15,3.607,3.475
2008-03-17 00:00:00,3.113,3.378,3.366,3.114,3.162,3.593,3.392,3.209,3.663,3.511
2008-03-24 00:00:00,3.102,3.366,3.236,3.135,3.151,3.597,3.372,3.218,3.655,3.486
2008-03-31 00:00:00,3.109,3.444,3.194,3.182,3.188,3.602,3.391,3.215,3.645,3.44
2008-04-07 00:00:00,3.13,3.486,3.204,3.234,3.247,3.682,3.416,3.221,3.723,3.445
2008-04-14 00:00:00,3.18,3.566,3.291,3.268,3.275,3.767,3.482,3.285,3.818,3.522
2008-04-21 00:00:00,3.404,3.692,3.361,3.406,3.389,3.841,3.619,3.467,3.863,3.61
2008-04-28 00:00:00,3.517,3.753,3.507,3.475,3.47,3.883,3.728,3.619,3.915,3.692
2008-05-05 00:00:00,3.543,3.785,3.572,3.468,3.471,3.892,3.717,3.655,3.93,3.708
2008-05-12 00:00:00,3.668,3.944,3.767,3.607,3.574,3.898,3.847,3.746,3.947,3.787
2008-05-19 00:00:00,3.762,4.019,3.875,3.684,3.651,3.916,3.923,3.863,3.979,3.861
2008-05-26 00:00:00,3.893,4.172,3.969,3.857,3.788,4.055,4.029,3.983,4.103,4.005
2008-06-02 00:00:00,3.944,4.176,3.963,3.885,3.802,4.209,4.039,4.046,4.241,4.139
2008-06-09 00:00:00,3.991,4.171,3.983,3.909,3.879,4.418,4.145,4.107,4.415,4.24
2008-06-16 00:00:00,4.036,4.181,3.979,3.946,3.9,4.611,4.16,4.154,4.555,4.336
2008-06-23 00:00:00,4.034,4.216,3.98,3.935,3.88,4.608,4.162,4.16,4.562,4.355
2008-06-30 00:00:00,4.041,4.201,4.028,3.937,3.878,4.587,4.165,4.167,4.556,4.355
2008-07-07 00:00:00,4.058,4.303,4.013,3.974,3.904,4.566,4.173,4.179,4.552,4.35
2008-07-14 00:00:00,4.055,4.3,4.03,4.013,3.905,4.541,4.178,4.172,4.514,4.327
2008-07-21 00:00:00,4.048,4.225,3.924,3.998,3.915,4.482,4.13,4.139,4.457,4.277
2008-07-28 00:00:00,3.933,4.084,3.784,3.957,3.829,4.339,4.05,4.056,4.355,4.201
2008-08-04 00:00:00,3.859,4.022,3.719,3.894,3.727,4.221,3.981,3.986,4.261,4.113
2008-08-11 00:00:00,3.781,4.004,3.678,3.857,3.633,4.109,3.917,3.89,4.182,4.011
2008-08-18 00:00:00,3.66,4.031,3.65,3.796,3.528,4.03,3.847,3.759,4.109,3.939
2008-08-25 00:00:00,3.587,4.021,3.644,3.756,3.425,3.951,3.783,3.675,4.026,3.872
2008-09-01 00:00:00,3.56,3.946,3.58,3.725,3.441,3.882,3.804,3.637,3.969,3.838
2008-09-08 00:00:00,3.521,3.908,3.543,3.689,3.432,3.828,3.809,3.588,3.92,3.793
2008-09-15 00:00:00,3.575,4.298,3.979,3.69,3.692,3.761,3.929,3.644,3.887,3.765
2008-09-22 00:00:00,3.537,4.054,3.829,3.622,3.6,3.688,3.872,3.629,3.838,3.696
2008-09-29 00:00:00,3.466,3.914,3.61,3.564,3.515,3.632,3.805,3.533,3.772,3.65
2008-10-06 00:00:00,3.323,3.752,3.275,3.461,3.349,3.559,3.678,3.398,3.718,3.543
2008-10-13 00:00:00,3.058,3.464,2.899,3.222,3.028,3.437,3.383,3.163,3.6,3.36
2008-10-20 00:00:00,2.841,3.201,2.7,2.926,2.759,3.343,3.084,2.939,3.487,3.086
2008-10-27 00:00:00,2.599,2.908,2.477,2.63,2.405,3.201,2.831,2.73,3.272,2.781
2008-11-03 00:00:00,2.393,2.628,2.123,2.375,2.106,2.852,2.651,2.536,2.889,2.537
2008-11-10 00:00:00,2.222,2.406,1.952,2.136,1.984,2.631,2.467,2.373,2.524,2.375
2008-11-17 00:00:00,2.037,2.198,1.84,1.966,1.838,2.42,2.285,2.198,2.364,2.238
2008-11-24 00:00:00,1.887,1.932,1.698,1.789,1.699,2.19,2.083,2.039,2.159,2.071
2008-12-01 00:00:00,1.797,1.777,1.685,1.693,1.638,1.981,2.024,1.941,1.968,1.956
2008-12-08 00:00:00,1.705,1.652,1.601,1.614,1.574,1.824,1.866,1.841,1.835,1.85
2008-12-15 00:00:00,1.649,1.725,1.685,1.56,1.457,1.719,1.819,1.755,1.758,1.774
2008-12-22 00:00:00,1.632,1.732,1.638,1.539,1.48,1.772,1.798,1.706,1.819,1.805
2008-12-29 00:00:00,1.601,1.687,1.605,1.506,1.437,1.785,1.764,1.649,1.849,1.812
2009-01-05 00:00:00,1.622,1.866,1.842,1.468,1.467,1.838,1.785,1.637,1.913,1.874
2009-01-12 00:00:00,1.688,1.966,1.917,1.533,1.591,1.962,1.878,1.728,2.007,1.985
2009-01-19 00:00:00,1.743,2.011,1.911,1.612,1.671,2.038,1.974,1.775,2.056,2.055
2009-01-26 00:00:00,1.763,1.949,1.841,1.674,1.682,2.073,1.978,1.793,2.067,2.052
2009-02-02 00:00:00,1.821,1.922,1.817,1.759,1.749,2.087,2.027,1.859,2.098,2.056
2009-02-09 00:00:00,1.85,1.918,1.786,1.83,1.775,2.193,2.075,1.91,2.195,2.149
2009-02-16 00:00:00,1.878,1.997,1.947,1.852,1.772,2.267,2.106,1.945,2.276,2.207
2009-02-23 00:00:00,1.851,1.916,1.824,1.818,1.731,2.253,2.049,1.93,2.246,2.182
2009-03-02 00:00:00,1.873,1.96,1.873,1.802,1.76,2.146,2.075,1.909,2.177,2.153
2009-03-09 00:00:00,1.855,2.032,1.964,1.818,1.752,2.198,2.07,1.912,2.184,2.155
2009-03-16 00:00:00,1.86,1.94,1.84,1.818,1.746,2.172,2.052,1.907,2.14,2.125
2009-03-23 00:00:00,1.878,2.057,1.97,1.876,1.846,2.145,2.094,1.93,2.128,2.144
2009-03-30 00:00:00,1.95,2.14,2.05,1.976,1.948,2.256,2.154,1.994,2.218,2.216
2009-04-06 00:00:00,1.952,2.1,1.996,1.977,1.935,2.315,2.156,1.995,2.298,2.274
2009-04-13 00:00:00,1.957,2.144,1.995,1.996,1.927,2.346,2.167,2.003,2.306,2.294
2009-04-20 00:00:00,1.996,2.14,1.972,2.015,1.941,2.336,2.156,2.028,2.321,2.301
2009-04-27 00:00:00,2.001,2.187,1.99,2.022,1.931,2.335,2.155,2.049,2.336,2.314
2009-05-04 00:00:00,2.031,2.256,2.061,2.041,1.933,2.343,2.158,2.081,2.345,2.319
2009-05-11 00:00:00,2.195,2.518,2.29,2.181,2.112,2.428,2.298,2.225,2.414,2.428
2009-05-18 00:00:00,2.249,2.569,2.313,2.238,2.181,2.519,2.398,2.314,2.524,2.499
2009-05-25 00:00:00,2.358,2.644,2.513,2.369,2.272,2.64,2.504,2.424,2.647,2.581
2009-06-01 00:00:00,2.463,2.746,2.627,2.425,2.319,2.743,2.595,2.494,2.773,2.645
2009-06-08 00:00:00,2.516,2.922,2.81,2.489,2.402,2.891,2.652,2.578,2.904,2.74
2009-06-15 00:00:00,2.597,2.866,2.736,2.52,2.47,2.983,2.748,2.658,3.002,2.818
2009-06-22 00:00:00,2.636,2.877,2.667,2.525,2.482,3.024,2.787,2.714,3.015,2.855
2009-06-29 00:00:00,2.624,2.822,2.596,2.502,2.43,3.005,2.763,2.7,2.984,2.82
2009-07-06 00:00:00,2.615,2.766,2.585,2.493,2.384,2.959,2.727,2.678,2.974,2.813
2009-07-13 00:00:00,2.523,2.659,2.446,2.458,2.32,2.906,2.64,2.615,2.903,2.754
2009-07-20 00:00:00,2.462,2.589,2.346,2.427,2.259,2.854,2.584,2.562,2.87,2.679
2009-07-27 00:00:00,2.472,2.616,2.472,2.417,2.308,2.84,2.614,2.553,2.863,2.673
2009-08-03 00:00:00,2.52,2.67,2.509,2.433,2.377,2.925,2.641,2.6,2.942,2.71
2009-08-10 00:00:00,2.596,2.735,2.617,2.511,2.47,3.05,2.709,2.672,3.062,2.828
2009-08-17 00:00:00,2.614,2.693,2.552,2.515,2.477,3.043,2.698,2.689,3.066,2.84
2009-08-24 00:00:00,2.61,2.706,2.547,2.511,2.463,3.03,2.689,2.684,3.053,2.839
2009-08-31 00:00:00,2.62,2.683,2.525,2.496,2.418,3.029,2.688,2.688,3.072,2.883
2009-09-07 00:00:00,2.604,2.63,2.488,2.475,2.337,3.113,2.642,2.679,3.131,2.925
2009-09-14 00:00:00,2.588,2.626,2.472,2.45,2.316,3.153,2.607,2.663,3.195,2.925
2009-09-21 00:00:00,2.554,2.595,2.478,2.414,2.274,3.138,2.571,2.618,3.178,2.926
2009-09-28 00:00:00,2.502,2.524,2.4,2.38,2.229,3.107,2.517,2.558,3.13,2.882
2009-10-05 00:00:00,2.471,2.498,2.373,2.333,2.213,3.075,2.479,2.502,3.118,2.831
2009-10-12 00:00:00,2.426,2.558,2.469,2.332,2.243,3.03,2.518,2.481,3.063,2.762
2009-10-19 00:00:00,2.478,2.66,2.557,2.409,2.361,3.007,2.672,2.563,3.05,2.731
2009-10-26 00:00:00,2.599,2.824,2.642,2.545,2.489,3.021,2.777,2.649,3.045,2.774
2009-11-02 00:00:00,2.64,2.832,2.663,2.565,2.505,3.029,2.795,2.697,3.036,2.813
2009-11-09 00:00:00,2.635,2.793,2.588,2.549,2.482,3.021,2.778,2.695,3.018,2.816
2009-11-16 00:00:00,2.623,2.731,2.511,2.528,2.448,3.009,2.758,2.679,2.981,2.816
2009-11-23 00:00:00,2.606,2.716,2.609,2.511,2.431,2.996,2.761,2.678,2.942,2.82
2009-11-30 00:00:00,2.601,2.708,2.588,2.487,2.432,2.976,2.757,2.68,2.926,2.812
2009-12-07 00:00:00,2.607,2.69,2.569,2.476,2.45,2.966,2.75,2.677,2.915,2.811
2009-12-14 00:00:00,2.59,2.672,2.531,2.462,2.38,2.949,2.724,2.658,2.911,2.792
2009-12-21 00:00:00,2.57,2.692,2.589,2.43,2.371,2.943,2.701,2.643,2.921,2.77
2009-12-28 00:00:00,2.59,2.731,2.652,2.423,2.418,2.973,2.719,2.647,2.92,2.764
2010-01-04 00:00:00,2.627,2.788,2.677,2.449,2.461,3.035,2.739,2.686,2.987,2.801
2010-01-11 00:00:00,2.699,2.884,2.779,2.519,2.58,3.1,2.853,2.756,3.054,2.871
2010-01-18 00:00:00,2.718,2.846,2.701,2.542,2.56,3.068,2.851,2.767,3.042,2.876
2010-01-25 00:00:00,2.696,2.799,2.638,2.528,2.532,3.046,2.828,2.747,3.027,2.851
2010-02-01 00:00:00,2.671,2.741,2.557,2.516,2.481,3.025,2.807,2.731,2.992,2.818
2010-02-08 00:00:00,2.659,2.713,2.562,2.505,2.47,3.016,2.779,2.718,2.951,2.796
2010-02-15 00:00:00,2.632,2.66,2.473,2.485,2.405,2.974,2.763,2.69,2.919,2.776
2010-02-22 00:00:00,2.635,2.794,2.604,2.517,2.456,2.968,2.807,2.697,2.924,2.821
2010-03-01 00:00:00,2.641,2.79,2.608,2.556,2.508,3.038,2.836,2.711,3.009,2.882
2010-03-08 00:00:00,2.68,2.823,2.676,2.603,2.557,3.072,2.903,2.743,3.071,2.938
2010-03-15 00:00:00,2.699,2.88,2.72,2.639,2.637,3.085,2.916,2.765,3.081,2.978
2010-03-22 00:00:00,2.698,3.022,2.796,2.651,2.642,3.125,2.916,2.764,3.092,2.996
2010-03-29 00:00:00,2.696,2.979,2.741,2.665,2.643,3.111,2.899,2.761,3.098,3.005
2010-04-05 00:00:00,2.72,3.04,2.778,2.688,2.677,3.111,2.917,2.779,3.093,3
2010-04-12 00:00:00,2.761,3.05,2.814,2.704,2.706,3.122,2.939,2.811,3.109,3.055
2010-04-19 00:00:00,2.77,3.085,2.833,2.71,2.699,3.116,2.926,2.827,3.098,3.067
2010-04-26 00:00:00,2.82,3.072,2.773,2.709,2.656,3.12,2.948,2.864,3.1,3.077
2010-05-03 00:00:00,2.869,3.126,2.878,2.716,2.723,3.144,2.965,2.927,3.139,3.074
2010-05-10 00:00:00,2.863,3.119,2.823,2.731,2.736,3.165,2.946,2.948,3.148,3.078
2010-05-17 00:00:00,2.85,3.068,2.747,2.724,2.701,3.134,2.933,2.927,3.129,3.051
2010-05-24 00:00:00,2.795,2.975,2.651,2.69,2.648,3.07,2.863,2.87,3.07,2.995
2010-05-31 00:00:00,2.743,2.917,2.596,2.657,2.596,3.041,2.795,2.827,3.045,2.952
2010-06-07 00:00:00,2.713,2.896,2.611,2.63,2.542,3.101,2.775,2.793,3.112,2.951
2010-06-14 00:00:00,2.687,2.863,2.658,2.617,2.498,3.07,2.778,2.761,3.096,2.947
2010-06-21 00:00:00,2.686,2.922,2.72,2.644,2.532,3.13,2.822,2.769,3.151,2.96
2010-06-28 00:00:00,2.693,2.921,2.765,2.657,2.54,3.143,2.815,2.785,3.174,2.962
2010-07-05 00:00:00,2.684,2.859,2.666,2.646,2.523,3.126,2.791,2.769,3.161,2.969
2010-07-12 00:00:00,2.681,2.852,2.725,2.633,2.493,3.123,2.753,2.759,3.15,2.97
2010-07-19 00:00:00,2.667,2.874,2.717,2.623,2.473,3.147,2.743,2.753,3.172,2.991
2010-07-26 00:00:00,2.673,2.933,2.764,2.623,2.532,3.148,2.777,2.759,3.169,3.034
2010-08-02 00:00:00,2.673,2.882,2.683,2.622,2.505,3.138,2.774,2.755,3.168,3.047
2010-08-09 00:00:00,2.686,2.925,2.74,2.673,2.578,3.17,2.799,2.752,3.205,3.09
2010-08-16 00:00:00,2.674,2.878,2.644,2.667,2.538,3.166,2.786,2.732,3.203,3.095
2010-08-23 00:00:00,2.651,2.833,2.574,2.662,2.492,3.137,2.749,2.697,3.159,3.084
2010-08-30 00:00:00,2.622,2.793,2.625,2.705,2.463,3.078,2.729,2.663,3.12,3.042
2010-09-06 00:00:00,2.597,2.86,2.706,2.711,2.443,3.03,2.736,2.653,3.082,3
2010-09-13 00:00:00,2.592,3.018,2.839,2.731,2.486,3.021,2.76,2.649,3.045,2.989
2010-09-20 00:00:00,2.591,2.977,2.741,2.722,2.511,2.99,2.779,2.645,3.035,2.974
2010-09-27 00:00:00,2.593,2.905,2.642,2.702,2.498,2.984,2.77,2.645,3.025,2.971
2010-10-04 00:00:00,2.65,2.916,2.718,2.696,2.528,3.02,2.809,2.702,3.04,2.971
2010-10-11 00:00:00,2.751,2.965,2.865,2.707,2.64,3.1,2.868,2.806,3.126,3.001
2010-10-18 00:00:00,2.798,2.989,2.802,2.704,2.633,3.154,2.881,2.864,3.171,3.051
2010-10-25 00:00:00,2.825,2.944,2.781,2.694,2.616,3.146,2.878,2.874,3.157,3.061
2010-11-01 00:00:00,2.832,2.895,2.798,2.671,2.591,3.142,2.87,2.867,3.165,3.061
2010-11-08 00:00:00,2.842,3.068,2.969,2.679,2.64,3.137,2.892,2.893,3.159,3.061
2010-11-15 00:00:00,2.909,3.076,2.924,2.701,2.676,3.177,2.945,2.97,3.207,3.098
2010-11-22 00:00:00,2.952,3.014,2.86,2.676,2.66,3.184,2.944,3.013,3.203,3.103
2010-11-29 00:00:00,2.943,2.981,2.835,2.654,2.625,3.165,2.942,3.022,3.188,3.098
2010-12-06 00:00:00,3.005,3.066,2.994,2.669,2.748,3.24,3.05,3.077,3.241,3.139
2010-12-13 00:00:00,3.013,3.054,2.942,2.719,2.788,3.256,3.07,3.108,3.295,3.16
2010-12-20 00:00:00,3.026,3.107,2.955,2.716,2.799,3.26,3.09,3.115,3.287,3.167
2010-12-27 00:00:00,3.057,3.246,3.101,2.774,2.886,3.303,3.162,3.146,3.331,3.185
2011-01-03 00:00:00,3.079,3.261,3.134,2.811,2.876,3.326,3.183,3.158,3.322,3.201
2011-01-10 00:00:00,3.107,3.274,3.11,2.848,2.907,3.349,3.198,3.177,3.351,3.213
2011-01-17 00:00:00,3.111,3.24,3.128,2.906,2.918,3.37,3.206,3.192,3.377,3.25
2011-01-24 00:00:00,3.122,3.227,3.111,2.941,2.929,3.377,3.204,3.208,3.388,3.262
2011-01-31 00:00:00,3.124,3.245,3.113,2.947,2.91,3.392,3.192,3.21,3.381,3.264
2011-02-07 00:00:00,3.131,3.31,3.147,2.98,2.94,3.414,3.195,3.221,3.419,3.278
2011-02-14 00:00:00,3.134,3.284,3.082,2.984,2.948,3.453,3.201,3.227,3.47,3.311
2011-02-21 00:00:00,3.148,3.326,3.149,3.025,2.985,3.574,3.236,3.246,3.574,3.395
2011-02-28 00:00:00,3.303,3.563,3.374,3.175,3.216,3.735,3.481,3.403,3.753,3.517
2011-03-07 00:00:00,3.46,3.678,3.481,3.301,3.382,3.892,3.646,3.548,3.915,3.638
2011-03-14 00:00:00,3.486,3.668,3.563,3.332,3.419,3.975,3.65,3.591,3.968,3.698
2011-03-21 00:00:00,3.481,3.714,3.552,3.346,3.42,3.993,3.642,3.591,3.98,3.71
2011-03-28 00:00:00,3.49,3.756,3.552,3.393,3.467,4.06,3.701,3.605,4.044,3.775
2011-04-04 00:00:00,3.561,3.933,3.746,3.457,3.58,4.092,3.786,3.676,4.08,3.804
2011-04-11 00:00:00,3.661,4.098,3.849,3.533,3.699,4.188,3.857,3.766,4.176,3.873
2011-04-18 00:00:00,3.767,4.185,3.877,3.558,3.739,4.232,3.911,3.866,4.216,3.926
2011-04-25 00:00:00,3.847,4.252,3.903,3.589,3.773,4.245,3.914,3.945,4.246,3.96
2011-05-02 00:00:00,3.937,4.352,4.127,3.671,3.85,4.293,3.994,4.045,4.285,4.016
2011-05-09 00:00:00,3.96,4.397,4.014,3.7,3.853,4.288,3.976,4.069,4.285,4.057
2011-05-16 00:00:00,3.967,4.343,3.988,3.769,3.855,4.258,3.997,4.064,4.239,4.058
2011-05-23 00:00:00,3.92,4.192,3.752,3.737,3.719,4.16,3.911,3.996,4.143,4.006
2011-05-30 00:00:00,3.85,4.141,3.82,3.709,3.624,4.089,3.873,3.929,4.061,3.961
2011-06-06 00:00:00,3.801,4.254,3.898,3.684,3.565,4.016,3.839,3.869,4.007,3.936
2011-06-13 00:00:00,3.747,4.114,3.632,3.656,3.528,3.971,3.803,3.833,3.946,3.896
2011-06-20 00:00:00,3.722,3.992,3.503,3.609,3.498,3.932,3.774,3.792,3.928,3.874
2011-06-27 00:00:00,3.701,3.867,3.338,3.553,3.43,3.883,3.726,3.759,3.858,3.841
2011-07-04 00:00:00,3.659,3.938,3.585,3.485,3.367,3.846,3.685,3.72,3.816,3.805
2011-07-11 00:00:00,3.7,3.939,3.615,3.476,3.478,3.834,3.769,3.762,3.804,3.796
2011-07-18 00:00:00,3.759,3.984,3.591,3.479,3.57,3.844,3.798,3.808,3.831,3.801
2011-07-25 00:00:00,3.77,3.948,3.637,3.482,3.595,3.863,3.836,3.839,3.836,3.814
2011-08-01 00:00:00,3.765,3.969,3.66,3.486,3.582,3.845,3.838,3.863,3.842,3.82
2011-08-08 00:00:00,3.755,3.923,3.569,3.468,3.542,3.824,3.792,3.825,3.83,3.811
2011-08-15 00:00:00,3.71,3.845,3.576,3.42,3.464,3.743,3.753,3.759,3.77,3.783
2011-08-22 00:00:00,3.677,3.812,3.542,3.407,3.432,3.77,3.73,3.708,3.754,3.774
2011-08-29 00:00:00,3.646,3.92,3.663,3.444,3.411,3.842,3.753,3.708,3.866,3.798
2011-09-05 00:00:00,3.671,3.982,3.692,3.507,3.429,3.971,3.757,3.737,3.967,3.877
2011-09-12 00:00:00,3.67,3.918,3.653,3.53,3.404,3.975,3.739,3.735,3.96,3.89
2011-09-19 00:00:00,3.612,3.826,3.455,3.514,3.371,3.958,3.681,3.692,3.939,3.891
2011-09-26 00:00:00,3.542,3.708,3.306,3.468,3.26,3.915,3.599,3.625,3.892,3.868
2011-10-03 00:00:00,3.477,3.57,3.2,3.427,3.191,3.855,3.513,3.549,3.846,3.828
2011-10-10 00:00:00,3.419,3.517,3.253,3.426,3.166,3.846,3.486,3.505,3.838,3.784
2011-10-17 00:00:00,3.455,3.509,3.376,3.483,3.241,3.915,3.585,3.535,3.858,3.818
2011-10-24 00:00:00,3.443,3.468,3.273,3.484,3.238,3.896,3.56,3.533,3.865,3.829
2011-10-31 00:00:00,3.421,3.547,3.384,3.456,3.217,3.893,3.549,3.51,3.863,3.817
2011-11-07 00:00:00,3.403,3.504,3.321,3.437,3.185,3.915,3.521,3.486,3.85,3.788
2011-11-14 00:00:00,3.404,3.596,3.353,3.408,3.19,3.898,3.515,3.487,3.82,3.776
2011-11-21 00:00:00,3.366,3.514,3.213,3.353,3.108,3.819,3.482,3.454,3.762,3.737
2011-11-28 00:00:00,3.339,3.45,3.179,3.304,3.09,3.756,3.445,3.414,3.7,3.67
2011-12-05 00:00:00,3.307,3.401,3.222,3.253,3.074,3.704,3.424,3.37,3.643,3.616
2011-12-12 00:00:00,3.271,3.388,3.28,3.192,3.06,3.643,3.41,3.363,3.586,3.584
2011-12-19 00:00:00,3.242,3.302,3.163,3.106,3.026,3.597,3.363,3.335,3.537,3.492
2011-12-26 00:00:00,3.243,3.386,3.324,3.049,3.063,3.635,3.382,3.331,3.564,3.484
2012-01-02 00:00:00,3.285,3.49,3.377,3.033,3.06,3.708,3.413,3.366,3.617,3.486
2012-01-09 00:00:00,3.382,3.611,3.414,3.012,3.18,3.778,3.491,3.459,3.689,3.51
2012-01-16 00:00:00,3.391,3.663,3.45,2.996,3.206,3.773,3.533,3.484,3.675,3.522
2012-01-23 00:00:00,3.413,3.532,3.344,2.977,3.244,3.794,3.573,3.522,3.697,3.524
2012-01-30 00:00:00,3.481,3.494,3.41,2.965,3.349,3.832,3.66,3.588,3.731,3.544
2012-02-06 00:00:00,3.503,3.568,3.468,3.036,3.394,3.849,3.664,3.619,3.74,3.558
2012-02-13 00:00:00,3.545,3.522,3.366,3.052,3.436,3.918,3.735,3.66,3.814,3.596
2012-02-20 00:00:00,3.601,3.524,3.491,3.076,3.481,4.123,3.749,3.703,4.054,3.732
2012-02-27 00:00:00,3.675,3.787,3.693,3.133,3.55,4.352,3.865,3.772,4.313,3.982
2012-03-05 00:00:00,3.723,4.01,3.757,3.234,3.58,4.407,3.886,3.81,4.353,4.047
2012-03-12 00:00:00,3.721,4.13,3.885,3.439,3.71,4.441,3.913,3.817,4.356,4.048
2012-03-19 00:00:00,3.734,4.282,3.834,3.61,3.776,4.446,3.946,3.825,4.339,4.069
2012-03-26 00:00:00,3.751,4.47,3.913,3.697,3.825,4.431,3.999,3.869,4.336,4.136
2012-04-02 00:00:00,3.794,4.415,3.854,3.808,3.867,4.385,4.04,3.913,4.315,4.171
2012-04-09 00:00:00,3.871,4.285,3.783,3.848,3.85,4.35,4.036,3.974,4.257,4.173
2012-04-16 00:00:00,3.898,4.187,3.782,3.888,3.85,4.292,4.035,3.963,4.221,4.16
2012-04-23 00:00:00,3.871,4.212,3.692,3.885,3.816,4.253,3.97,3.95,4.191,4.137
2012-04-30 00:00:00,3.848,4.146,3.735,3.861,3.765,4.235,3.912,3.899,4.173,4.094
2012-05-07 00:00:00,3.795,4.178,3.744,3.823,3.692,4.264,3.824,3.851,4.217,4.095
2012-05-14 00:00:00,3.739,4.064,3.65,3.79,3.638,4.442,3.742,3.808,4.386,4.226
2012-05-21 00:00:00,3.694,3.993,3.679,3.755,3.563,4.386,3.689,3.758,4.348,4.278
2012-05-28 00:00:00,3.645,3.975,3.66,3.717,3.494,4.346,3.626,3.705,4.328,4.32
2012-06-04 00:00:00,3.59,3.894,3.57,3.697,3.438,4.285,3.606,3.66,4.271,4.329
2012-06-11 00:00:00,3.525,3.93,3.603,3.686,3.333,4.179,3.537,3.584,4.184,4.213
2012-06-18 00:00:00,3.468,3.827,3.697,3.691,3.283,4.027,3.521,3.514,4.05,4.014
2012-06-25 00:00:00,3.414,3.659,3.438,3.65,3.198,3.89,3.421,3.467,3.893,3.803
2012-07-02 00:00:00,3.378,3.551,3.269,3.599,3.158,3.767,3.342,3.443,3.795,3.642
2012-07-09 00:00:00,3.409,3.727,3.542,3.581,3.174,3.744,3.411,3.497,3.726,3.606
2012-07-16 00:00:00,3.481,3.719,3.378,3.541,3.237,3.801,3.482,3.553,3.734,3.575
2012-07-23 00:00:00,3.564,3.705,3.416,3.522,3.322,3.893,3.611,3.649,3.797,3.667
2012-07-30 00:00:00,3.562,3.819,3.482,3.473,3.332,3.871,3.624,3.653,3.816,3.661
2012-08-06 00:00:00,3.648,4.179,3.87,3.452,3.417,3.937,3.756,3.705,3.872,3.701
2012-08-13 00:00:00,3.706,4.159,3.768,3.483,3.498,4.156,3.791,3.794,4.152,3.875
2012-08-20 00:00:00,3.736,4.17,3.758,3.485,3.501,4.168,3.806,3.821,4.148,3.99
2012-08-27 00:00:00,3.738,4.093,3.687,3.491,3.537,4.195,3.912,3.838,4.166,4.036
2012-09-03 00:00:00,3.772,4.251,3.859,3.529,3.622,4.199,3.972,3.869,4.197,4.057
2012-09-10 00:00:00,3.857,4.185,3.785,3.605,3.618,4.201,3.959,3.895,4.196,4.067
2012-09-17 00:00:00,3.907,4.231,3.821,3.711,3.635,4.167,3.961,3.99,4.165,4.036
2012-09-24 00:00:00,3.881,4.117,3.718,3.733,3.584,4.161,3.919,3.938,4.192,4.032
2012-10-01 00:00:00,3.894,4.011,3.711,3.734,3.534,4.213,3.876,3.931,4.216,4.043
2012-10-08 00:00:00,3.89,4.001,3.766,3.702,3.497,4.736,3.859,3.958,4.675,4.108
2012-10-15 00:00:00,3.854,3.868,3.626,3.68,3.491,4.691,3.851,3.917,4.615,4.107
2012-10-22 00:00:00,3.781,3.668,3.403,3.618,3.417,4.473,3.773,3.816,4.441,3.979
2012-10-29 00:00:00,3.688,3.581,3.429,3.54,3.309,4.206,3.671,3.692,4.196,3.816
2012-11-05 00:00:00,3.666,3.524,3.371,3.472,3.232,4.024,3.606,3.695,4.01,3.691
2012-11-12 00:00:00,3.616,3.563,3.44,3.4,3.163,3.87,3.532,3.7,3.9,3.617
2012-11-19 00:00:00,3.578,3.553,3.463,3.389,3.129,3.825,3.514,3.732,3.81,3.524
2012-11-26 00:00:00,3.564,3.577,3.527,3.373,3.133,3.785,3.532,3.709,3.776,3.473
2012-12-03 00:00:00,3.522,3.497,3.413,3.305,3.121,3.75,3.505,3.649,3.707,3.452
2012-12-10 00:00:00,3.482,3.478,3.367,3.238,3.094,3.69,3.502,3.599,3.63,3.415
2012-12-17 00:00:00,3.408,3.324,3.194,3.167,3.011,3.589,3.407,3.536,3.54,3.371
2012-12-24 00:00:00,3.379,3.313,3.24,3.063,3.029,3.587,3.48,3.518,3.511,3.384
2012-12-31 00:00:00,3.396,3.384,3.313,2.987,3.076,3.612,3.52,3.538,3.585,3.413
2013-01-07 00:00:00,3.422,3.305,3.217,2.911,3.174,3.656,3.551,3.546,3.615,3.446
2013-01-14 00:00:00,3.426,3.346,3.255,2.838,3.177,3.698,3.562,3.544,3.612,3.438
2013-01-21 00:00:00,3.405,3.416,3.296,2.812,3.159,3.747,3.543,3.512,3.607,3.409
2013-01-28 00:00:00,3.444,3.475,3.385,2.933,3.156,3.777,3.567,3.547,3.652,3.429
2013-02-04 00:00:00,3.588,3.78,3.538,3.185,3.341,4.038,3.697,3.692,3.867,3.572
2013-02-11 00:00:00,3.654,3.873,3.601,3.336,3.378,4.192,3.758,3.753,3.973,3.65
2013-02-18 00:00:00,3.722,4.002,3.813,3.504,3.543,4.318,3.97,3.791,4.081,3.719
2013-02-25 00:00:00,3.743,3.956,3.738,3.563,3.614,4.347,3.998,3.819,4.198,3.802
2013-03-04 00:00:00,3.723,3.931,3.72,3.559,3.563,4.333,3.956,3.784,4.203,3.859
2013-03-11 00:00:00,3.695,3.826,3.65,3.539,3.511,4.288,3.92,3.757,4.174,3.881
2013-03-18 00:00:00,3.663,3.877,3.699,3.54,3.532,4.228,3.872,3.723,4.119,3.856
2013-03-25 00:00:00,3.636,3.956,3.717,3.538,3.512,4.173,3.815,3.701,4.053,3.804
2013-04-01 00:00:00,3.61,3.991,3.601,3.565,3.507,4.135,3.787,3.68,4.059,3.77
2013-04-08 00:00:00,3.571,3.865,3.531,3.577,3.457,4.106,3.708,3.634,4.045,3.757
2013-04-15 00:00:00,3.528,3.763,3.427,3.543,3.4,4.039,3.658,3.584,4.008,3.725
2013-04-22 00:00:00,3.466,3.978,3.657,3.511,3.367,3.952,3.599,3.532,3.988,3.669
2013-04-29 00:00:00,3.433,4.075,3.602,3.529,3.342,3.917,3.583,3.515,3.962,3.631
2013-05-06 00:00:00,3.434,4.125,3.707,3.56,3.328,3.945,3.573,3.527,3.941,3.715
2013-05-13 00:00:00,3.461,4.175,3.616,3.657,3.373,4.091,3.591,3.573,4.072,3.986
2013-05-20 00:00:00,3.489,4.202,3.858,3.826,3.368,4.086,3.592,3.593,4.08,4.04
2013-05-27 00:00:00,3.506,4.087,3.723,3.807,3.347,4.045,3.594,3.616,4.045,4.002
2013-06-03 00:00:00,3.498,4.233,3.854,3.768,3.324,3.995,3.58,3.599,4.016,3.929
2013-06-10 00:00:00,3.511,4.361,3.941,3.752,3.321,4.006,3.629,3.597,3.988,3.861
2013-06-17 00:00:00,3.518,4.246,3.747,3.694,3.338,4.041,3.665,3.585,4.021,3.825
2013-06-24 00:00:00,3.519,4.017,3.465,3.636,3.343,4.161,3.651,3.597,4.065,3.835
2013-07-01 00:00:00,3.491,3.845,3.27,3.584,3.302,4.075,3.58,3.583,4.002,3.805
2013-07-08 00:00:00,3.485,3.757,3.382,3.548,3.283,4.055,3.555,3.581,3.987,3.809
2013-07-15 00:00:00,3.646,4.023,3.679,3.542,3.416,4.106,3.714,3.722,4.01,3.917
2013-07-22 00:00:00,3.729,4.085,3.59,3.528,3.503,4.119,3.753,3.764,4.023,3.958
2013-07-29 00:00:00,3.72,3.959,3.465,3.527,3.494,4.07,3.738,3.81,3.972,3.942
2013-08-05 00:00:00,3.703,3.905,3.602,3.517,3.459,4.008,3.723,3.779,3.956,3.911
2013-08-12 00:00:00,3.686,3.764,3.433,3.531,3.413,3.943,3.658,3.718,3.911,3.854
2013-08-19 00:00:00,3.67,3.692,3.495,3.507,3.387,3.855,3.644,3.69,3.862,3.82
2013-08-26 00:00:00,3.658,3.73,3.525,3.488,3.375,3.844,3.668,3.672,3.823,3.766
2013-09-02 00:00:00,3.679,3.813,3.625,3.537,3.369,3.878,3.694,3.705,3.844,3.738
2013-09-09 00:00:00,3.674,3.767,3.528,3.544,3.347,3.969,3.672,3.712,3.909,3.729
2013-09-16 00:00:00,3.63,3.71,3.427,3.53,3.276,4.077,3.639,3.672,4.054,3.751
2013-09-23 00:00:00,3.589,3.654,3.498,3.508,3.198,4.026,3.561,3.584,4.033,3.755
2013-09-30 00:00:00,3.546,3.565,3.348,3.451,3.146,3.958,3.525,3.523,3.969,3.694
2013-10-07 00:00:00,3.499,3.491,3.236,3.397,3.082,3.868,3.464,3.465,3.924,3.661
2013-10-14 00:00:00,3.443,3.501,3.31,3.359,3.063,3.795,3.466,3.42,3.889,3.606
2013-10-21 00:00:00,3.397,3.495,3.361,3.321,3.064,3.76,3.458,3.397,3.856,3.543
2013-10-28 00:00:00,3.36,3.413,3.215,3.263,3.017,3.733,3.398,3.378,3.805,3.48
2013-11-04 00:00:00,3.335,3.389,3.245,3.212,2.972,3.681,3.378,3.361,3.733,3.414
2013-11-11 00:00:00,3.298,3.248,3.126,3.164,2.946,3.612,3.338,3.318,3.659,3.346
2013-11-18 00:00:00,3.297,3.325,3.162,3.137,2.949,3.577,3.385,3.358,3.604,3.303
2013-11-25 00:00:00,3.364,3.396,3.226,3.113,3.115,3.586,3.533,3.441,3.577,3.308
2013-12-02 00:00:00,3.393,3.317,3.165,3.081,3.107,3.634,3.554,3.465,3.585,3.338
2013-12-09 00:00:00,3.414,3.272,3.26,3.032,3.08,3.651,3.529,3.471,3.587,3.353
2013-12-16 00:00:00,3.437,3.313,3.182,2.999,3.049,3.646,3.506,3.487,3.578,3.358
2013-12-23 00:00:00,3.451,3.396,3.289,3.034,3.089,3.668,3.523,3.5,3.606,3.367
2013-12-30 00:00:00,3.479,3.45,3.391,3.103,3.132,3.693,3.556,3.542,3.66,3.398
2014-01-06 00:00:00,3.487,3.473,3.342,3.136,3.124,3.722,3.536,3.539,3.672,3.434
2014-01-13 00:00:00,3.458,3.455,3.402,3.152,3.096,3.674,3.511,3.496,3.659,3.41
2014-01-20 00:00:00,3.415,3.45,3.298,3.153,3.083,3.631,3.507,3.445,3.627,3.386
2014-01-27 00:00:00,3.382,3.45,3.324,3.148,3.074,3.616,3.496,3.428,3.622,3.369
2014-02-03 00:00:00,3.359,3.418,3.322,3.138,3.057,3.633,3.487,3.415,3.627,3.36
2014-02-10 00:00:00,3.36,3.516,3.42,3.173,3.07,3.717,3.477,3.417,3.634,3.35
2014-02-17 00:00:00,3.391,3.583,3.445,3.333,3.117,3.788,3.534,3.511,3.701,3.383
2014-02-24 00:00:00,3.455,3.661,3.552,3.447,3.131,3.888,3.553,3.541,3.78,3.413
2014-03-03 00:00:00,3.48,3.808,3.596,3.531,3.154,3.946,3.559,3.56,3.862,3.473
2014-03-10 00:00:00,3.502,3.817,3.613,3.59,3.196,3.982,3.586,3.608,3.922,3.568
2014-03-17 00:00:00,3.517,3.868,3.704,3.589,3.32,4.05,3.637,3.607,3.969,3.642
2014-03-24 00:00:00,3.511,3.832,3.548,3.588,3.345,4.057,3.688,3.597,3.976,3.665
2014-03-31 00:00:00,3.521,3.887,3.579,3.576,3.361,4.061,3.763,3.584,4.005,3.714
2014-04-07 00:00:00,3.522,3.942,3.636,3.557,3.387,4.106,3.807,3.594,4.039,3.749
2014-04-14 00:00:00,3.559,4.074,3.705,3.532,3.443,4.284,3.874,3.603,4.139,3.794
2014-04-21 00:00:00,3.601,4.015,3.724,3.51,3.452,4.306,3.858,3.681,4.183,3.859
2014-04-28 00:00:00,3.677,4.031,3.765,3.493,3.468,4.332,3.829,3.775,4.27,3.894
2014-05-05 00:00:00,3.673,3.966,3.662,3.475,3.452,4.287,3.802,3.753,4.265,3.905
2014-05-12 00:00:00,3.656,3.867,3.711,3.447,3.437,4.222,3.778,3.732,4.19,3.901
2014-05-19 00:00:00,3.651,3.877,3.713,3.433,3.417,4.204,3.762,3.712,4.204,3.9
2014-05-26 00:00:00,3.65,3.917,3.837,3.431,3.423,4.18,3.745,3.719,4.18,3.909
2014-06-02 00:00:00,3.643,4.059,3.935,3.437,3.414,4.175,3.729,3.72,4.169,3.935
2014-06-09 00:00:00,3.645,4.015,3.82,3.442,3.404,4.147,3.707,3.726,4.155,3.937
2014-06-16 00:00:00,3.667,4.092,3.867,3.473,3.415,4.149,3.698,3.738,4.148,3.962
2014-06-23 00:00:00,3.687,4,3.715,3.552,3.465,4.152,3.73,3.779,4.133,4.005
2014-06-30 00:00:00,3.694,3.947,3.598,3.588,3.462,4.193,3.722,3.796,4.164,4.023
2014-07-07 00:00:00,3.704,3.872,3.538,3.59,3.443,4.187,3.707,3.788,4.156,4.023
2014-07-14 00:00:00,3.678,3.772,3.433,3.586,3.418,4.118,3.657,3.743,4.109,3.993
2014-07-21 00:00:00,3.64,3.695,3.506,3.582,3.355,4.043,3.636,3.699,4.059,3.964
2014-07-28 00:00:00,3.616,3.597,3.374,3.578,3.34,4.002,3.569,3.639,4.019,3.942
2014-08-04 00:00:00,3.564,3.638,3.456,3.586,3.306,3.93,3.554,3.603,4.002,3.927
2014-08-11 00:00:00,3.527,3.608,3.531,3.616,3.261,3.913,3.528,3.562,3.96,3.912
2014-08-18 00:00:00,3.501,3.68,3.387,3.631,3.262,3.885,3.517,3.509,3.937,3.907
2014-08-25 00:00:00,3.46,3.592,3.408,3.63,3.246,3.853,3.516,3.479,3.923,3.893
2014-09-01 00:00:00,3.472,3.68,3.547,3.613,3.232,3.809,3.515,3.467,3.906,3.883
2014-09-08 00:00:00,3.473,3.75,3.454,3.601,3.213,3.794,3.511,3.475,3.863,3.868
2014-09-15 00:00:00,3.463,3.67,3.332,3.574,3.164,3.77,3.472,3.445,3.833,3.842
2014-09-22 00:00:00,3.43,3.572,3.226,3.524,3.111,3.71,3.429,3.382,3.799,3.767
2014-09-29 00:00:00,3.396,3.585,3.293,3.464,3.121,3.692,3.418,3.357,3.762,3.726
2014-10-06 00:00:00,3.354,3.496,3.192,3.4,3.059,3.689,3.409,3.353,3.723,3.655
2014-10-13 00:00:00,3.304,3.409,3.103,3.278,2.994,3.621,3.304,3.283,3.64,3.546
2014-10-20 00:00:00,3.197,3.27,3.078,3.164,2.944,3.516,3.219,3.201,3.545,3.402
2014-10-27 00:00:00,3.125,3.221,2.967,3.09,2.87,3.412,3.148,3.106,3.436,3.247
2014-11-03 00:00:00,3.039,3.118,2.955,3.028,2.806,3.322,3.102,3.073,3.373,3.154
2014-11-10 00:00:00,2.975,3.103,2.857,2.99,2.717,3.227,3.065,3.023,3.283,3.111
2014-11-17 00:00:00,2.935,3.087,2.865,2.944,2.686,3.189,3.023,2.996,3.203,3.095
2014-11-24 00:00:00,2.88,2.982,2.765,2.873,2.636,3.099,2.964,2.944,3.136,3.091
2014-12-01 00:00:00,2.866,2.929,2.784,2.787,2.519,3.08,2.915,2.913,3.122,3.067
2014-12-08 00:00:00,2.782,2.789,2.62,2.688,2.455,3.013,2.845,2.83,3.03,2.996
2014-12-15 00:00:00,2.691,2.652,2.429,2.506,2.351,2.926,2.751,2.722,2.929,2.875
2014-12-22 00:00:00,2.573,2.468,2.236,2.339,2.227,2.771,2.645,2.615,2.819,2.753
2014-12-29 00:00:00,2.489,2.309,2.071,2.192,2.132,2.709,2.535,2.537,2.753,2.651
2015-01-05 00:00:00,2.391,2.173,1.931,2.057,1.997,2.734,2.452,2.434,2.745,2.551
2015-01-12 00:00:00,2.298,2.132,1.974,1.934,1.888,2.629,2.361,2.305,2.642,2.457
2015-01-19 00:00:00,2.155,2.099,1.983,1.86,1.829,2.493,2.315,2.195,2.575,2.363
2015-01-26 00:00:00,2.1,2.109,1.941,1.861,1.801,2.455,2.277,2.123,2.541,2.267
2015-02-02 00:00:00,2.086,2.263,2.053,1.859,1.818,2.459,2.287,2.116,2.534,2.231
2015-02-09 00:00:00,2.131,2.378,2.247,1.998,1.944,2.679,2.386,2.209,2.682,2.319
2015-02-16 00:00:00,2.191,2.457,2.265,2.055,2.001,2.87,2.442,2.263,2.784,2.416
2015-02-23 00:00:00,2.242,2.424,2.333,2.151,2.04,3.081,2.505,2.31,2.905,2.525
2015-03-02 00:00:00,2.347,2.534,2.417,2.176,2.135,3.531,2.592,2.392,3.409,2.869
2015-03-09 00:00:00,2.408,2.473,2.307,2.209,2.162,3.515,2.597,2.449,3.442,2.991
2015-03-16 00:00:00,2.394,2.405,2.226,2.204,2.193,3.426,2.603,2.431,3.363,2.941
2015-03-23 00:00:00,2.33,2.819,2.371,2.187,2.171,3.309,2.595,2.379,3.282,2.863
2015-03-30 00:00:00,2.297,2.846,2.381,2.197,2.2,3.251,2.633,2.362,3.229,2.802
2015-04-06 00:00:00,2.294,2.709,2.251,2.193,2.188,3.193,2.616,2.354,3.176,2.779
2015-04-13 00:00:00,2.278,2.621,2.328,2.226,2.184,3.151,2.61,2.359,3.149,2.762
2015-04-20 00:00:00,2.44,2.692,2.405,2.312,2.221,3.225,2.694,2.493,3.198,2.776
2015-04-27 00:00:00,2.518,2.781,2.499,2.371,2.244,3.558,2.741,2.57,3.44,2.866
2015-05-04 00:00:00,2.591,2.883,2.44,2.453,2.341,3.809,2.742,2.644,3.732,2.995
2015-05-11 00:00:00,2.608,2.813,2.478,2.528,2.357,3.856,2.758,2.678,3.702,3.056
2015-05-18 00:00:00,2.625,2.902,2.606,2.556,2.395,3.987,2.795,2.685,3.724,3.071
2015-05-25 00:00:00,2.667,3.048,2.712,2.57,2.394,3.925,2.83,2.711,3.686,3.084
2015-06-01 00:00:00,2.666,3.179,2.807,2.577,2.401,3.852,2.824,2.713,3.63,3.082
2015-06-08 00:00:00,2.694,3.087,2.71,2.597,2.475,3.717,2.836,2.721,3.567,3.07
2015-06-15 00:00:00,2.739,3.206,2.845,2.617,2.514,3.617,2.89,2.785,3.519,3.097
2015-06-22 00:00:00,2.761,3.108,2.739,2.639,2.484,3.578,2.894,2.749,3.491,3.174
2015-06-29 00:00:00,2.749,3.011,2.798,2.633,2.473,3.561,2.879,2.795,3.468,3.198
2015-07-06 00:00:00,2.738,3.09,2.678,2.654,2.488,3.532,2.883,2.8,3.468,3.185
2015-07-13 00:00:00,2.726,3.073,2.757,2.69,2.493,4.305,2.88,2.787,3.55,3.186
2015-07-20 00:00:00,2.696,2.937,2.585,2.749,2.471,4.272,2.849,2.742,3.56,3.179
2015-07-27 00:00:00,2.667,2.808,2.35,2.781,2.445,4.137,2.818,2.703,3.553,3.177
2015-08-03 00:00:00,2.608,2.677,2.291,2.781,2.423,3.993,2.752,2.655,3.514,3.169
2015-08-10 00:00:00,2.564,2.682,2.393,2.758,2.37,3.758,2.719,2.608,3.421,3.122
2015-08-17 00:00:00,2.519,3.366,2.827,2.86,2.346,3.815,2.68,2.561,3.432,3.083
2015-08-24 00:00:00,2.447,3.238,2.582,2.825,2.294,3.701,2.602,2.496,3.33,3.045
2015-08-31 00:00:00,2.354,2.945,2.312,2.768,2.209,3.551,2.555,2.396,3.237,2.962
2015-09-07 00:00:00,2.321,2.773,2.123,2.687,2.158,3.449,2.517,2.348,3.177,2.891
2015-09-14 00:00:00,2.288,2.629,2.185,2.612,2.111,3.302,2.487,2.289,3.083,2.8
2015-09-21 00:00:00,2.254,2.625,2.257,2.519,2.032,3.208,2.422,2.241,3.005,2.709
2015-09-28 00:00:00,2.222,2.685,2.34,2.426,1.978,3.114,2.422,2.201,2.975,2.642
2015-10-05 00:00:00,2.185,2.627,2.37,2.37,1.938,3.071,2.411,2.152,2.937,2.59
2015-10-12 00:00:00,2.157,2.712,2.477,2.311,1.982,3.027,2.414,2.162,2.912,2.551
2015-10-19 00:00:00,2.117,2.573,2.302,2.246,1.945,2.948,2.381,2.156,2.882,2.506
2015-10-26 00:00:00,2.108,2.428,2.162,2.178,1.895,2.921,2.342,2.121,2.856,2.458
2015-11-02 00:00:00,2.098,2.412,2.313,2.093,1.86,2.91,2.346,2.099,2.82,2.423
2015-11-09 00:00:00,2.109,2.345,2.236,2.032,1.904,2.917,2.386,2.162,2.832,2.506
2015-11-16 00:00:00,2.1,2.218,2.043,1.971,1.884,2.859,2.354,2.147,2.807,2.516
2015-11-23 00:00:00,2.093,2.029,1.9,1.917,1.829,2.791,2.335,2.12,2.748,2.484
2015-11-30 00:00:00,2.098,1.995,1.84,1.884,1.795,2.759,2.324,2.117,2.735,2.467
2015-12-07 00:00:00,2.083,2.014,1.922,1.852,1.752,2.771,2.325,2.109,2.686,2.448
2015-12-14 00:00:00,2.043,2.125,1.93,1.827,1.755,2.752,2.318,2.067,2.667,2.436
2015-12-21 00:00:00,2.038,2.062,1.855,1.869,1.724,2.883,2.307,2.051,2.716,2.453
2015-12-28 00:00:00,2.013,2.093,1.925,1.849,1.712,3.053,2.254,2.03,2.739,2.489
2016-01-04 00:00:00,1.992,2.06,1.906,1.843,1.722,3.111,2.25,2.001,2.753,2.493
2016-01-11 00:00:00,1.966,2.035,1.866,1.826,1.686,3.065,2.189,1.98,2.738,2.462
2016-01-18 00:00:00,1.915,1.89,1.692,1.777,1.624,2.9,2.119,1.914,2.648,2.404
2016-01-25 00:00:00,1.885,1.773,1.588,1.738,1.597,2.811,2.097,1.886,2.595,2.333
2016-02-01 00:00:00,1.854,1.668,1.657,1.677,1.569,2.727,2.074,1.857,2.533,2.217
2016-02-08 00:00:00,1.808,1.561,1.504,1.623,1.516,2.634,1.983,1.821,2.486,2.133
2016-02-15 00:00:00,1.765,1.595,1.546,1.536,1.471,2.502,1.972,1.756,2.436,2.092
2016-02-22 00:00:00,1.743,1.726,1.696,1.529,1.445,2.37,1.955,1.744,2.391,2.051
2016-02-29 00:00:00,1.734,1.855,1.756,1.646,1.507,2.57,1.967,1.721,2.396,2.057
2016-03-07 00:00:00,1.744,1.95,1.838,1.781,1.537,2.576,2.019,1.732,2.451,2.135
2016-03-14 00:00:00,1.848,2.154,1.943,1.882,1.736,2.744,2.12,1.833,2.591,2.206
2016-03-21 00:00:00,1.872,2.045,1.922,1.921,1.787,2.805,2.184,1.864,2.67,2.273
2016-03-28 00:00:00,1.995,2.138,1.906,1.93,1.848,2.882,2.236,1.957,2.793,2.307
2016-04-04 00:00:00,2.008,2.206,1.965,1.925,1.842,2.844,2.243,1.991,2.8,2.319
2016-04-11 00:00:00,2.022,2.111,2.033,1.905,1.818,2.807,2.217,2.014,2.78,2.285
2016-04-18 00:00:00,2.104,2.249,2.102,2.046,1.861,2.826,2.278,2.106,2.822,2.309
2016-04-25 00:00:00,2.148,2.376,2.181,2.056,1.863,2.837,2.266,2.131,2.832,2.327
2016-05-02 00:00:00,2.211,2.439,2.313,2.089,1.934,2.879,2.371,2.196,2.851,2.393
2016-05-09 00:00:00,2.239,2.333,2.178,2.119,1.942,2.819,2.375,2.219,2.853,2.475
2016-05-16 00:00:00,2.222,2.421,2.247,2.119,1.949,2.825,2.374,2.218,2.881,2.539
2016-05-23 00:00:00,2.272,2.499,2.364,2.203,1.991,2.839,2.414,2.241,2.881,2.579
2016-05-30 00:00:00,2.314,2.537,2.448,2.224,2.05,2.854,2.427,2.287,2.883,2.604
2016-06-06 00:00:00,2.322,2.639,2.541,2.222,2.079,2.894,2.469,2.284,2.885,2.619
2016-06-13 00:00:00,2.331,2.777,2.587,2.227,2.099,2.912,2.49,2.29,2.929,2.628
2016-06-20 00:00:00,2.311,2.645,2.411,2.237,2.07,2.928,2.475,2.277,2.916,2.623
2016-06-27 00:00:00,2.311,2.502,2.283,2.217,2.062,3.015,2.454,2.283,2.938,2.623
2016-07-04 00:00:00,2.298,2.406,2.148,2.2,2.056,2.989,2.451,2.263,2.944,2.643
2016-07-11 00:00:00,2.241,2.326,2.063,2.175,2.008,2.921,2.421,2.237,2.924,2.649
2016-07-18 00:00:00,2.214,2.363,2.162,2.153,1.987,2.904,2.404,2.207,2.914,2.64
2016-07-25 00:00:00,2.178,2.215,2.037,2.132,1.95,2.808,2.361,2.179,2.864,2.636
2016-08-01 00:00:00,2.138,2.224,2.051,2.082,1.911,2.714,2.324,2.159,2.784,2.607
2016-08-08 00:00:00,2.092,2.317,2.075,2.047,1.93,2.668,2.31,2.125,2.745,2.584
2016-08-15 00:00:00,2.064,2.257,2.158,2.039,1.891,2.622,2.277,2.112,2.71,2.565
2016-08-22 00:00:00,2.13,2.356,2.111,2.069,1.931,2.722,2.308,2.137,2.758,2.566
2016-08-29 00:00:00,2.16,2.433,2.227,2.168,1.968,2.739,2.38,2.153,2.752,2.591
2016-09-05 00:00:00,2.163,2.313,2.077,2.157,1.977,2.739,2.36,2.168,2.743,2.608
2016-09-12 00:00:00,2.136,2.367,2.025,2.156,1.941,2.804,2.349,2.147,2.816,2.627
2016-09-19 00:00:00,2.148,2.304,2.159,2.138,1.929,2.794,2.342,2.156,2.828,2.688
2016-09-26 00:00:00,2.154,2.32,2.075,2.127,1.924,2.79,2.337,2.158,2.819,2.702
2016-10-03 00:00:00,2.195,2.363,2.211,2.134,1.948,2.876,2.382,2.162,2.824,2.698
2016-10-10 00:00:00,2.21,2.42,2.265,2.133,1.981,2.847,2.423,2.18,2.823,2.686
2016-10-17 00:00:00,2.208,2.291,2.144,2.141,1.996,2.862,2.439,2.182,2.815,2.698
2016-10-24 00:00:00,2.205,2.274,2.023,2.141,2.003,2.845,2.429,2.201,2.815,2.704
2016-10-31 00:00:00,2.203,2.172,2.019,2.136,1.969,2.914,2.414,2.2,2.798,2.699
2016-11-07 00:00:00,2.198,2.246,2.074,2.107,1.952,2.895,2.397,2.314,2.782,2.708
2016-11-14 00:00:00,2.171,2.14,2.015,2.07,1.933,2.839,2.382,2.307,2.719,2.661
2016-11-21 00:00:00,2.15,2.171,2.063,2.028,1.876,2.757,2.325,2.273,2.704,2.613
2016-11-28 00:00:00,2.147,2.242,2.056,1.99,1.873,2.716,2.318,2.267,2.697,2.576
2016-12-05 00:00:00,2.182,2.299,2.138,1.991,1.908,2.75,2.368,2.322,2.698,2.566
2016-12-12 00:00:00,2.202,2.415,2.205,2.016,1.923,2.714,2.428,2.345,2.706,2.574
2016-12-19 00:00:00,2.226,2.386,2.259,2.06,1.973,2.726,2.47,2.364,2.715,2.577
2016-12-26 00:00:00,2.26,2.507,2.343,2.138,2.008,2.775,2.508,2.411,2.742,2.602
2017-01-02 00:00:00,2.317,2.593,2.324,2.212,2.102,2.86,2.584,2.468,2.8,2.66
2017-01-09 00:00:00,2.325,2.539,2.355,2.255,2.108,2.888,2.581,2.48,2.82,2.728
2017-01-16 00:00:00,2.295,2.432,2.276,2.231,2.082,2.852,2.564,2.456,2.859,2.756
2017-01-23 00:00:00,2.266,2.364,2.172,2.211,2.064,2.841,2.534,2.449,2.847,2.747
2017-01-30 00:00:00,2.245,2.271,2.079,2.178,2.046,2.863,2.528,2.427,2.842,2.744
2017-02-06 00:00:00,2.231,2.296,2.017,2.139,2.036,2.926,2.534,2.401,2.86,2.727
2017-02-13 00:00:00,2.251,2.38,2.124,2.119,2.033,2.979,2.533,2.395,2.889,2.72
2017-02-20 00:00:00,2.242,2.31,2.083,2.161,2.012,2.98,2.561,2.385,2.918,2.726
2017-02-27 00:00:00,2.229,2.351,2.172,2.157,2.016,3.069,2.543,2.368,2.965,2.74
2017-03-06 00:00:00,2.208,2.42,2.217,2.16,2.024,3.052,2.568,2.345,3.031,2.777
2017-03-13 00:00:00,2.216,2.344,2.154,2.155,2.009,3.037,2.526,2.344,3.029,2.828
2017-03-20 00:00:00,2.223,2.395,2.136,2.141,2.023,3.026,2.514,2.329,3.049,2.833
2017-03-27 00:00:00,2.23,2.369,2.105,2.158,2.04,3.028,2.5,2.327,3.045,2.817
2017-04-03 00:00:00,2.252,2.481,2.32,2.163,2.104,3.013,2.525,2.346,3.053,2.848
2017-04-10 00:00:00,2.275,2.597,2.282,2.255,2.16,3.032,2.59,2.412,3.05,2.878
2017-04-17 00:00:00,2.335,2.557,2.333,2.302,2.235,3.055,2.603,2.449,3.061,2.882
2017-04-24 00:00:00,2.36,2.578,2.358,2.317,2.229,3.054,2.6,2.461,3.057,2.897
2017-05-01 00:00:00,2.362,2.477,2.269,2.312,2.196,3.03,2.575,2.442,3.055,2.887
2017-05-08 00:00:00,2.351,2.419,2.206,2.301,2.155,3.021,2.545,2.422,3.041,2.873
2017-05-15 00:00:00,2.343,2.498,2.165,2.291,2.118,3.036,2.53,2.403,3.071,2.863
2017-05-22 00:00:00,2.387,2.542,2.31,2.291,2.101,3.092,2.526,2.399,3.186,2.873
2017-05-29 00:00:00,2.404,2.538,2.262,2.339,2.104,3.101,2.553,2.432,3.232,2.872
2017-06-05 00:00:00,2.382,2.485,2.256,2.333,2.11,3.07,2.553,2.424,3.197,2.869
2017-06-12 00:00:00,2.302,2.392,2.196,2.315,2.096,3.009,2.518,2.413,3.147,2.861
2017-06-19 00:00:00,2.274,2.394,2.14,2.286,2.043,2.972,2.453,2.38,3.097,2.841
2017-06-26 00:00:00,2.265,2.307,2.1,2.25,1.99,2.909,2.385,2.354,3.065,2.819
2017-07-03 00:00:00,2.255,2.366,2.076,2.203,1.949,2.913,2.361,2.334,3.042,2.802
2017-07-10 00:00:00,2.24,2.446,2.153,2.205,1.949,2.92,2.372,2.343,3.027,2.804
2017-07-17 00:00:00,2.219,2.359,2.127,2.2,1.956,2.909,2.36,2.342,3.022,2.802
2017-07-24 00:00:00,2.269,2.359,2.185,2.24,2.005,2.933,2.397,2.372,3.006,2.798
2017-07-31 00:00:00,2.324,2.456,2.3,2.249,2.015,3.003,2.441,2.391,3.032,2.801
2017-08-07 00:00:00,2.341,2.437,2.282,2.298,2.091,3.006,2.461,2.453,3.045,2.814
2017-08-14 00:00:00,2.334,2.461,2.242,2.29,2.099,3.031,2.446,2.436,3.06,2.832
2017-08-21 00:00:00,2.322,2.342,2.215,2.286,2.068,3.047,2.437,2.41,3.065,2.889
2017-08-28 00:00:00,2.361,2.469,2.262,2.292,2.082,3.072,2.483,2.412,3.068,2.947
2017-09-04 00:00:00,2.732,2.61,2.566,2.553,2.432,3.19,2.868,2.791,3.179,3.034
2017-09-11 00:00:00,2.745,2.693,2.515,2.523,2.431,3.216,,2.803,3.226,3.067
2017-09-18 00:00:00,2.728,2.543,2.433,2.483,2.394,3.161,2.781,2.763,3.226,3.061
2017-09-25 00:00:00,2.706,2.424,2.345,2.457,2.38,3.115,2.836,2.688,3.203,3.037
2017-10-02 00:00:00,2.674,2.548,2.327,2.443,2.351,3.073,2.822,2.635,3.188,2.992
2017-10-09 00:00:00,2.625,2.462,2.284,2.417,2.281,3.055,2.793,2.583,3.161,2.959
2017-10-16 00:00:00,2.593,2.544,2.291,2.407,2.203,3.067,2.735,2.537,3.145,2.934
2017-10-23 00:00:00,2.576,2.608,2.328,2.428,2.173,3.067,2.703,2.514,3.125,2.928
2017-10-30 00:00:00,2.557,2.66,2.401,2.433,2.138,3.091,2.688,2.519,3.1,2.923
2017-11-06 00:00:00,2.555,2.859,2.657,2.491,2.174,3.334,2.706,2.564,3.271,2.962
2017-11-13 00:00:00,2.577,2.78,2.609,2.521,2.199,3.363,2.745,2.615,3.283,3.027
2017-11-20 00:00:00,2.58,2.772,2.566,2.509,2.183,3.245,2.705,2.604,3.255,3.02
2017-11-27 00:00:00,2.571,2.611,2.484,2.494,2.159,3.216,2.692,2.601,3.233,2.993
2017-12-04 00:00:00,2.561,2.483,2.371,2.466,2.155,3.169,2.673,2.593,3.232,2.994
2017-12-11 00:00:00,2.535,2.529,2.338,2.432,2.125,3.12,2.665,2.556,3.207,2.973
2017-12-18 00:00:00,2.517,2.566,2.268,2.41,2.098,3.094,2.637,2.529,3.186,2.976
2017-12-25 00:00:00,2.489,2.678,2.396,2.365,2.13,3.179,2.648,2.5,3.182,2.951
2018-01-01 00:00:00,2.516,2.706,2.429,2.375,2.161,3.213,2.665,2.57,3.183,2.961
2018-01-08 00:00:00,2.541,2.658,2.412,2.357,2.19,3.301,2.669,2.589,3.206,2.957
2018-01-15 00:00:00,2.525,2.726,2.401,2.353,2.209,3.282,2.688,2.588,3.193,2.946
2018-01-22 00:00:00,2.534,2.617,2.404,2.371,2.235,3.33,2.759,2.627,3.201,2.973
2018-01-29 00:00:00,2.564,2.637,2.398,2.407,2.268,3.434,2.808,2.682,3.269,3.008
2018-02-05 00:00:00,2.596,2.662,2.428,2.44,2.285,3.481,2.812,2.71,3.367,3.037
2018-02-12 00:00:00,2.619,2.571,2.388,2.436,2.255,3.458,2.797,2.691,3.347,3.047
2018-02-19 00:00:00,2.58,2.487,2.324,2.399,2.204,3.462,2.772,2.657,3.348,3.042
2018-02-26 00:00:00,2.554,2.538,2.309,2.363,2.174,3.457,2.744,2.622,3.387,3.04
2018-03-05 00:00:00,2.539,2.549,2.325,2.343,2.214,3.457,2.756,2.601,3.397,3.062
2018-03-12 00:00:00,2.529,2.58,2.392,2.344,2.202,3.49,2.727,2.581,3.442,3.09
2018-03-19 00:00:00,2.528,2.737,2.389,2.364,2.279,3.519,2.746,2.579,3.487,3.152
2018-03-26 00:00:00,2.548,2.742,2.427,2.408,2.36,3.563,2.793,2.646,3.53,3.2
2018-04-02 00:00:00,2.61,2.785,2.51,2.462,2.412,3.595,2.829,2.687,3.576,3.23
2018-04-09 00:00:00,2.608,2.807,2.521,2.463,2.392,3.555,2.821,2.691,3.594,3.245
2018-04-16 00:00:00,2.654,2.81,2.574,2.604,2.452,3.576,2.87,2.744,3.651,3.273
2018-04-23 00:00:00,2.721,2.9,2.707,2.597,2.483,3.6,2.914,2.841,3.66,3.309
2018-04-30 00:00:00,2.755,2.93,2.683,2.596,2.513,3.644,2.947,2.907,3.695,3.347
2018-05-07 00:00:00,2.777,2.987,2.691,2.62,2.511,3.648,2.931,2.923,3.71,3.387
2018-05-14 00:00:00,2.833,3.032,2.819,2.681,2.609,3.622,2.809,2.944,3.652,3.371
2018-05-21 00:00:00,2.895,3.15,2.826,2.767,2.721,3.635,2.819,3,3.676,3.388
2018-05-28 00:00:00,2.949,3.192,2.855,2.849,2.769,3.653,2.899,3.013,3.687,3.431
2018-06-04 00:00:00,2.931,3.203,2.821,2.829,2.745,3.645,2.869,2.981,3.687,3.429
2018-06-11 00:00:00,2.891,3.088,2.786,2.799,2.722,3.629,2.812,2.968,3.681,3.41
2018-06-18 00:00:00,2.86,3.059,2.732,2.785,2.689,3.593,2.793,2.92,3.663,3.388
2018-06-25 00:00:00,2.858,2.916,2.674,2.734,2.661,3.554,2.752,2.881,3.634,3.387
2018-07-02 00:00:00,2.869,2.984,2.693,2.743,2.664,3.539,2.75,2.895,3.635,3.375
2018-07-09 00:00:00,2.869,3.032,2.763,2.742,2.662,3.537,2.741,2.898,3.636,3.373
2018-07-16 00:00:00,2.884,2.999,2.818,2.733,2.642,3.523,2.797,2.906,3.629,3.376
2018-07-23 00:00:00,2.874,2.913,2.739,2.703,2.614,3.503,2.77,2.871,3.608,3.344
2018-07-30 00:00:00,2.872,2.94,2.794,2.687,2.595,3.501,2.809,2.899,3.572,3.326
2018-08-06 00:00:00,2.869,2.979,2.778,2.704,2.588,3.505,2.801,2.888,3.567,3.317
2018-08-13 00:00:00,2.869,2.956,2.715,2.708,2.595,3.487,2.782,2.885,3.549,3.303
2018-08-20 00:00:00,2.854,2.864,2.714,2.713,2.555,3.46,2.752,2.87,3.523,3.293
2018-08-27 00:00:00,2.834,2.902,2.759,2.748,2.547,3.461,2.734,2.87,3.528,3.279
2018-09-03 00:00:00,2.839,2.85,2.74,2.818,2.513,3.502,2.784,2.862,3.547,3.292
2018-09-10 00:00:00,2.839,2.918,2.729,2.83,2.497,3.515,2.77,2.872,3.554,3.309
2018-09-17 00:00:00,2.839,2.955,2.794,2.849,2.492,3.512,2.761,2.881,3.575,3.303
2018-09-24 00:00:00,2.825,2.983,2.766,2.854,2.509,3.519,2.752,2.85,3.578,3.322
2018-10-01 00:00:00,2.827,2.959,2.766,2.891,2.534,3.646,2.823,2.864,3.662,3.347
2018-10-08 00:00:00,2.831,2.996,2.85,2.918,2.578,3.733,2.823,2.898,3.737,3.387
2018-10-15 00:00:00,2.799,2.888,2.691,2.888,2.572,3.73,2.796,2.881,3.752,3.479
2018-10-22 00:00:00,2.804,2.786,2.613,2.852,2.534,3.721,2.765,2.863,3.758,3.505
2018-10-29 00:00:00,2.789,2.835,2.655,2.815,2.471,3.701,2.721,2.829,3.722,3.501
2018-11-05 00:00:00,2.77,2.753,2.561,2.773,2.418,3.645,2.668,2.789,3.71,3.491
2018-11-12 00:00:00,2.729,2.659,2.451,2.689,2.345,3.574,2.615,2.712,3.649,3.459
2018-11-19 00:00:00,2.704,2.513,2.387,2.615,2.309,3.52,2.556,2.664,3.568,3.378
2018-11-26 00:00:00,2.68,2.426,2.295,2.551,2.222,3.47,2.504,2.623,3.535,3.341
2018-12-03 00:00:00,2.642,2.301,2.128,2.437,2.145,3.381,2.447,2.571,3.457,3.306
2018-12-10 00:00:00,2.625,2.361,2.132,2.35,2.082,3.293,2.387,2.515,3.415,3.26
2018-12-17 00:00:00,2.58,2.265,2.052,2.286,2.025,3.24,2.347,2.488,3.402,3.196
2018-12-24 00:00:00,2.559,2.219,2.028,2.213,1.988,3.245,2.277,2.448,3.397,3.171
2018-12-31 00:00:00,2.512,2.125,1.941,2.174,1.954,3.211,2.239,2.409,3.376,3.146
2019-01-07 00:00:00,2.447,2.118,1.941,2.115,1.919,3.157,2.196,2.398,3.348,3.122
2019-01-14 00:00:00,2.425,2.152,1.978,2.037,1.919,3.13,2.222,2.377,3.295,3.076
2019-01-21 00:00:00,2.429,2.186,1.99,2.02,1.922,3.137,2.209,2.377,3.26,3.052
2019-01-28 00:00:00,2.413,2.139,2.047,2,1.958,3.112,2.243,2.358,3.244,3.022
2019-02-04 00:00:00,2.388,2.233,2.116,1.955,1.949,3.128,2.228,2.337,3.228,3.01
2019-02-11 00:00:00,2.366,2.293,2.174,1.943,1.975,3.166,2.214,2.323,3.249,3.003
2019-02-18 00:00:00,2.347,2.361,2.231,2.028,2.011,3.18,2.234,2.345,3.241,3.005
2019-02-25 00:00:00,2.386,2.502,2.358,2.08,2.092,3.199,2.331,2.43,3.234,2.991
2019-03-04 00:00:00,2.393,2.468,2.35,2.153,2.134,3.201,2.449,2.441,3.257,2.961
2019-03-11 00:00:00,2.402,2.556,2.434,2.192,2.217,3.216,2.463,2.502,3.288,2.994
2019-03-18 00:00:00,2.453,2.689,2.438,2.322,2.326,3.245,2.633,2.573,3.343,3.038
2019-03-25 00:00:00,2.524,2.769,2.499,2.394,2.407,3.388,2.641,2.637,3.439,3.119
2019-04-01 00:00:00,2.554,2.891,2.589,2.441,2.455,3.541,2.737,2.65,3.551,3.213
2019-04-08 00:00:00,2.571,2.983,2.628,2.482,2.501,3.752,2.704,2.698,3.736,3.306
2019-04-15 00:00:00,2.639,2.977,2.613,2.613,2.586,3.948,2.76,2.772,3.935,3.419
2019-04-22 00:00:00,2.724,3.071,2.693,2.651,2.589,3.956,2.721,2.839,3.958,3.493
2019-04-29 00:00:00,2.799,3.113,2.67,2.707,2.611,3.974,2.692,2.924,4.032,3.534
2019-05-06 00:00:00,2.841,3.154,2.74,2.736,2.612,3.987,2.746,2.927,4.049,3.561
2019-05-13 00:00:00,2.83,3.224,2.639,2.778,2.589,3.93,2.679,2.915,4.017,3.562
2019-05-20 00:00:00,2.809,3.146,2.742,2.775,2.58,3.887,2.638,2.896,3.987,3.552
2019-05-27 00:00:00,2.797,3.142,2.583,2.775,2.549,3.831,2.604,2.851,3.992,3.553
2019-06-03 00:00:00,2.772,3.148,2.78,2.777,2.517,3.789,2.578,2.82,3.906,3.548
2019-06-10 00:00:00,2.741,2.969,2.499,2.734,2.455,3.709,2.583,2.773,3.813,3.491
2019-06-17 00:00:00,2.696,2.844,2.426,2.703,2.38,3.644,2.48,2.74,3.74,3.444
2019-06-24 00:00:00,2.676,2.931,2.557,2.653,2.334,3.579,2.421,2.713,3.669,3.405
2019-07-01 00:00:00,2.7,3.038,2.654,2.604,2.372,3.6,2.5,2.774,3.675,3.39
2019-07-08 00:00:00,2.708,3.076,2.668,2.569,2.423,3.612,2.613,2.765,3.683,3.385
2019-07-15 00:00:00,2.723,3.273,2.772,2.567,2.47,3.586,2.586,2.794,3.658,3.373
2019-07-22 00:00:00,2.709,3.093,2.777,2.531,2.484,3.547,2.622,2.784,3.621,3.342
2019-07-29 00:00:00,2.714,3.072,2.7,2.498,2.453,3.526,2.549,2.764,3.617,3.338
2019-08-05 00:00:00,2.697,2.961,2.716,2.46,2.43,3.518,2.482,2.746,3.599,3.305
2019-08-12 00:00:00,2.695,2.78,2.569,2.432,2.383,3.456,2.404,2.705,3.53,3.29
2019-08-19 00:00:00,2.679,2.765,2.593,2.42,2.365,3.431,2.397,2.679,3.514,3.277
2019-08-26 00:00:00,2.662,2.801,2.514,2.418,2.322,3.404,2.36,2.655,3.476,3.269
2019-09-02 00:00:00,2.641,2.756,2.558,2.431,2.286,3.473,2.409,2.611,3.51,3.242
2019-09-09 00:00:00,2.576,2.673,2.545,2.463,2.281,3.492,2.394,2.591,3.497,3.253
2019-09-16 00:00:00,2.565,2.744,2.588,2.532,2.271,3.498,2.38,2.547,3.499,3.244
2019-09-23 00:00:00,2.57,2.863,2.705,2.612,2.338,3.621,2.483,2.581,3.655,3.251
2019-09-30 00:00:00,2.585,2.728,2.579,2.629,2.294,3.987,2.434,2.56,3.963,3.267
2019-10-07 00:00:00,2.564,2.809,2.544,2.636,2.257,4.098,2.449,2.542,4.1,3.296
2019-10-14 00:00:00,2.558,2.816,2.611,2.64,2.227,4.081,2.389,2.514,4.123,3.348
2019-10-21 00:00:00,2.554,2.715,2.514,2.678,2.21,3.998,2.437,2.517,4.072,3.409
2019-10-28 00:00:00,2.552,2.67,2.426,2.687,2.181,3.912,2.388,2.522,3.972,3.438
2019-11-04 00:00:00,2.554,2.602,2.464,2.746,2.163,3.935,2.424,2.55,3.993,3.434
2019-11-11 00:00:00,2.547,2.618,2.417,2.722,2.194,3.901,2.386,2.556,3.957,3.42
2019-11-18 00:00:00,2.535,2.681,2.536,2.751,2.173,3.832,2.362,2.539,3.852,3.4
2019-11-25 00:00:00,2.531,2.615,2.485,2.715,2.177,3.747,2.371,2.524,3.773,3.349
2019-12-02 00:00:00,2.534,2.565,2.583,2.727,2.156,3.659,2.422,2.525,3.733,3.328
2019-12-09 00:00:00,2.532,2.635,2.515,2.75,2.159,3.56,2.478,2.513,3.599,3.283
2019-12-16 00:00:00,2.529,2.605,2.564,2.694,2.167,3.515,2.451,2.512,3.527,3.227
2019-12-23 00:00:00,2.528,2.604,2.498,2.634,2.163,3.461,2.439,2.552,3.496,3.197
2019-12-30 00:00:00,2.543,2.611,2.624,2.589,2.208,3.454,2.452,2.559,3.475,3.204
2020-01-06 00:00:00,2.55,2.644,2.548,2.586,2.214,3.436,2.512,2.598,3.462,3.181
2020-01-13 00:00:00,2.543,2.695,2.512,2.55,2.216,3.424,2.47,2.595,3.452,3.134
2020-01-20 00:00:00,2.536,2.605,2.537,2.52,2.192,3.408,2.507,2.568,3.447,3.142
2020-01-27 00:00:00,2.519,2.634,2.434,2.492,2.174,3.393,2.442,2.526,3.445,3.107
2020-02-03 00:00:00,2.5,2.552,2.438,2.451,2.14,3.375,2.387,2.483,3.451,3.108
2020-02-10 00:00:00,2.48,2.501,2.35,2.426,2.094,3.386,2.377,2.45,3.425,3.129
2020-02-17 00:00:00,2.455,2.541,2.375,2.379,2.051,3.393,2.326,2.434,3.407,3.125
2020-02-24 00:00:00,2.469,2.645,2.479,2.339,2.103,3.406,2.391,2.461,3.389,3.116
2020-03-02 00:00:00,2.445,2.633,2.326,2.284,2.092,3.396,2.339,2.432,3.391,3.125
2020-03-09 00:00:00,2.426,2.511,2.213,2.228,2.045,3.334,2.274,2.389,3.358,3.123
2020-03-16 00:00:00,2.303,2.287,1.937,2.084,2.002,3.244,2.171,2.296,3.23,3.079
2020-03-23 00:00:00,2.17,2.156,1.77,1.984,1.86,3.084,2.085,2.234,3.064,2.892
2020-03-30 00:00:00,2.044,2.05,1.659,1.873,1.776,2.96,1.98,2.164,2.961,2.766
2020-04-06 00:00:00,1.994,1.955,1.554,1.782,1.717,2.89,1.948,2.112,2.924,2.702
2020-04-13 00:00:00,1.923,1.908,1.462,1.739,1.609,2.768,1.893,2.067,2.848,2.656
2020-04-20 00:00:00,1.889,1.887,1.448,1.674,1.568,2.703,1.862,2.023,2.786,2.573
2020-04-27 00:00:00,1.883,1.844,1.433,1.638,1.542,2.662,1.835,1.974,2.725,2.543
2020-05-04 00:00:00,1.888,1.917,1.589,1.613,1.519,2.633,1.818,1.96,2.735,2.531
2020-05-11 00:00:00,1.925,2.188,1.861,1.64,1.526,2.647,1.809,2.005,2.745,2.581
2020-05-18 00:00:00,1.935,2.208,1.924,1.707,1.512,2.689,1.796,2.014,2.777,2.565
2020-05-25 00:00:00,1.976,2.302,1.964,1.916,1.574,2.751,1.869,2.017,2.862,2.615
2020-06-01 00:00:00,1.981,2.306,2.037,2.09,1.597,2.779,1.864,2.022,2.891,2.591
2020-06-08 00:00:00,2.025,2.337,2.065,2.216,1.604,2.844,1.875,2.065,2.926,2.638
2020-06-15 00:00:00,2.017,2.34,2.204,2.328,1.739,2.873,1.981,2.075,2.968,2.68
2020-06-22 00:00:00,2.049,2.332,2.228,2.396,1.795,2.929,1.996,2.113,2.991,2.729
2020-06-29 00:00:00,2.083,2.372,2.226,2.48,1.844,2.958,1.996,2.132,3.021,2.764
2020-07-06 00:00:00,2.086,2.357,2.229,2.478,1.847,2.963,2.081,2.129,3.05,2.753
2020-07-13 00:00:00,2.078,2.398,2.194,2.477,1.853,3.007,2.089,2.135,3.092,2.776
2020-07-20 00:00:00,2.088,2.37,2.134,2.446,1.855,3.015,2.052,2.125,3.102,2.839
2020-07-27 00:00:00,2.084,2.359,2.091,2.416,1.842,3.033,2.033,2.119,3.156,2.837
2020-08-03 00:00:00,2.083,2.345,2.084,2.396,1.831,3.041,2.115,2.105,3.188,2.832
2020-08-10 00:00:00,2.082,2.353,2.077,2.358,1.805,3.028,2.097,2.099,3.176,2.836
2020-08-17 00:00:00,2.086,2.319,2.059,2.341,1.817,3.04,2.068,2.093,3.2,2.844
2020-08-24 00:00:00,2.087,2.33,2.147,2.331,1.802,3.058,2.047,2.101,3.239,2.858
2020-08-31 00:00:00,2.123,2.357,2.303,2.315,1.827,3.065,2.053,2.192,3.228,2.868
2020-09-07 00:00:00,2.092,2.354,2.159,2.294,1.841,3.067,2.163,2.175,3.232,2.868
2020-09-14 00:00:00,2.094,2.329,2.052,2.263,1.826,3.062,2.137,2.132,3.238,2.857
2020-09-21 00:00:00,2.093,2.316,2.076,2.232,1.82,3.053,2.108,2.107,3.208,2.851
2020-09-28 00:00:00,2.087,2.309,2.112,2.202,1.769,3.043,2.073,2.088,3.203,2.831
2020-10-05 00:00:00,2.075,2.301,2.08,2.177,1.767,3.027,2.148,2.12,3.208,2.827
2020-10-12 00:00:00,2.079,2.267,2.161,2.171,1.753,3.022,2.124,2.126,3.193,2.815
2020-10-19 00:00:00,2.069,2.233,2.032,2.158,1.739,3.019,2.093,2.134,3.18,2.794
2020-10-26 00:00:00,2.062,2.249,2.121,2.138,1.721,3.016,2.062,2.104,3.199,2.779
2020-11-02 00:00:00,2.055,2.223,1.998,2.101,1.696,2.986,2.029,2.068,3.182,2.778
2020-11-09 00:00:00,2.049,2.237,2.033,2.09,1.695,2.981,2.005,2.059,3.188,2.779
2020-11-16 00:00:00,2.044,2.203,1.96,2.084,1.697,2.97,1.985,2.09,3.185,2.8
2020-11-23 00:00:00,2.037,2.172,1.967,2.057,1.686,2.957,2.006,2.093,3.171,2.812
2020-11-30 00:00:00,2.051,2.171,1.906,2.085,1.709,2.969,2.015,2.136,3.178,2.81
2020-12-07 00:00:00,2.072,2.241,2.024,2.089,1.747,2.984,2.127,2.141,3.197,2.812
2020-12-14 00:00:00,2.129,2.216,1.959,2.094,1.754,2.992,2.111,2.17,3.195,2.774
2020-12-21 00:00:00,2.174,2.28,2.094,2.159,1.833,3.018,2.167,2.239,3.211,2.781
2020-12-28 00:00:00,2.193,2.388,2.193,2.189,1.839,3.046,2.176,2.222,3.232,2.789
2021-01-04 00:00:00,2.209,2.363,2.177,2.2,1.846,3.063,2.175,2.265,3.244,2.798
2021-01-11 00:00:00,2.272,2.42,2.186,2.251,1.952,3.107,2.272,2.335,3.281,2.829
2021-01-18 00:00:00,2.324,2.489,2.277,2.272,2.06,3.186,2.309,2.434,3.331,2.876
2021-01-25 00:00:00,2.336,2.537,2.352,2.274,2.055,3.226,2.375,2.452,3.348,2.886
2021-02-01 00:00:00,2.358,2.571,2.31,2.282,2.058,3.274,2.366,2.461,3.341,2.904
2021-02-08 00:00:00,2.404,2.599,2.423,2.332,2.104,3.338,2.467,2.505,3.349,2.965
2021-02-15 00:00:00,2.444,2.614,2.411,2.414,2.133,3.372,2.446,2.559,3.394,2.991
2021-02-22 00:00:00,2.545,2.754,2.677,2.462,2.265,3.482,2.579,2.663,3.49,3.065
2021-03-01 00:00:00,2.617,2.892,2.661,2.615,2.328,3.588,2.586,2.748,3.587,3.159
2021-03-08 00:00:00,2.67,2.977,2.79,2.702,2.413,3.655,2.679,2.78,3.667,3.219
2021-03-15 00:00:00,2.735,3.07,2.768,2.804,2.547,3.734,2.842,2.814,3.821,3.305
2021-03-22 00:00:00,2.766,3.053,2.701,2.903,2.559,3.765,2.888,2.823,3.836,3.382
2021-03-29 00:00:00,2.747,3.005,2.66,2.883,2.544,3.756,2.88,2.807,3.861,3.409
2021-04-05 00:00:00,2.748,3.061,2.75,2.881,2.531,3.782,2.863,2.802,3.876,3.419
2021-04-12 00:00:00,2.72,3.021,2.714,2.88,2.523,3.789,2.854,2.77,3.878,3.42
2021-04-19 00:00:00,2.726,3.063,2.686,2.935,2.511,3.825,2.839,2.774,3.922,3.437
2021-04-26 00:00:00,2.744,3.099,2.854,2.934,2.502,3.857,2.801,2.83,3.95,3.455
2021-05-03 00:00:00,2.775,3.148,2.813,2.938,2.523,3.902,2.768,2.865,4.013,3.5
2021-05-10 00:00:00,2.838,3.197,2.886,2.987,2.592,3.943,2.852,2.964,4.082,3.532
2021-05-17 00:00:00,2.888,3.261,2.881,3.041,2.655,3.966,2.873,3.012,4.089,3.582
2021-05-24 00:00:00,2.898,3.243,2.973,3.07,2.644,3.987,2.869,2.991,4.123,3.607
2021-05-31 00:00:00,2.894,3.27,2.935,3.081,2.636,4.043,2.845,2.983,4.166,3.626
2021-06-07 00:00:00,2.905,3.339,2.916,3.148,2.631,4.069,2.829,3.002,4.204,3.665
2021-06-14 00:00:00,2.908,3.394,2.908,3.17,2.664,4.068,2.939,3.032,4.227,3.659
2021-06-21 00:00:00,2.922,3.36,2.981,3.269,2.654,4.064,2.909,3.032,4.212,3.658
2021-06-28 00:00:00,2.951,3.342,2.956,3.342,2.693,4.093,2.905,3.068,4.242,3.715
2021-07-05 00:00:00,2.98,3.37,2.999,3.462,2.725,4.116,2.977,3.088,4.228,3.761
2021-07-12 00:00:00,2.995,3.365,2.982,3.47,2.745,4.151,2.977,3.095,4.264,3.824
2021-07-19 00:00:00,3,3.414,3.073,3.496,2.762,4.167,2.952,3.121,4.286,3.858
2021-07-26 00:00:00,2.997,3.375,3.021,3.513,2.742,4.166,2.935,3.115,4.262,3.873
2021-08-02 00:00:00,3.025,3.456,2.998,3.533,2.789,4.181,2.925,3.136,4.322,3.883
2021-08-09 00:00:00,3.028,3.412,2.945,3.623,2.785,4.189,2.98,3.119,4.354,3.917
2021-08-16 00:00:00,3.036,3.395,3.061,3.62,2.782,4.2,2.982,3.119,4.388,3.916
2021-08-23 00:00:00,3.033,3.333,2.997,3.603,2.751,4.19,2.971,3.11,4.348,3.923
2021-08-30 00:00:00,3.042,3.334,2.974,3.6,2.728,4.187,2.943,3.132,4.327,3.93
2021-09-06 00:00:00,3.062,3.404,3.052,3.583,2.744,4.185,3.002,3.2,4.326,3.937
2021-09-13 00:00:00,3.067,3.356,3.003,3.559,2.738,4.185,2.975,3.188,4.339,3.937
2021-09-20 00:00:00,3.074,3.404,3.124,3.515,2.736,4.184,3.067,3.196,4.333,3.92
2021-09-27 00:00:00,3.074,3.342,3.04,3.491,2.732,4.199,3.039,3.187,4.322,3.902
2021-10-04 00:00:00,3.078,3.421,3.168,3.479,2.736,4.206,3.028,3.183,4.389,3.902
2021-10-11 00:00:00,3.162,3.498,3.14,3.474,2.815,4.232,3.171,3.263,4.406,3.908
2021-10-18 00:00:00,3.265,3.524,3.273,3.468,2.871,4.308,3.157,3.351,4.496,3.914
2021-10-25 00:00:00,3.336,3.558,3.255,3.475,2.945,4.369,3.301,3.44,4.578,3.949
2021-11-01 00:00:00,3.365,3.539,3.215,3.469,2.986,4.385,3.299,3.441,4.659,3.951
2021-11-08 00:00:00,3.402,3.616,3.304,3.471,3.003,4.406,3.276,3.434,4.701,3.924
2021-11-15 00:00:00,3.404,3.557,3.307,3.46,2.988,4.492,3.257,3.438,4.716,3.928
2021-11-22 00:00:00,3.401,3.565,3.292,3.427,2.969,4.515,3.328,3.436,4.716,3.942
2021-11-29 00:00:00,3.396,3.501,3.273,3.383,2.956,4.52,3.341,3.437,4.697,3.931
2021-12-06 00:00:00,3.371,3.481,3.23,3.316,2.94,4.495,3.28,3.392,4.688,3.921
2021-12-13 00:00:00,3.349,3.421,3.235,3.251,2.892,4.477,3.229,3.396,4.657,3.904
2021-12-20 00:00:00,3.35,3.383,3.186,3.23,2.858,4.462,3.168,3.387,4.647,3.892
2021-12-27 00:00:00,3.356,3.34,3.133,3.2,2.824,4.456,3.174,3.379,4.634,3.88
2022-01-03 00:00:00,3.345,3.32,3.142,3.177,2.837,4.474,3.167,3.365,4.645,3.913
2022-01-10 00:00:00,3.329,3.457,3.164,3.177,2.829,4.478,3.145,3.332,4.645,3.999
2022-01-17 00:00:00,3.326,3.404,3.162,3.155,2.84,4.476,3.2,3.326,4.642,4.02
2022-01-24 00:00:00,3.316,3.444,3.158,3.165,2.881,4.46,3.204,3.342,4.626,4.017
2022-01-31 00:00:00,3.338,3.514,3.15,3.174,2.945,4.476,3.32,3.408,4.617,4.038
2022-02-07 00:00:00,3.402,3.62,3.287,3.216,3.031,4.499,3.431,3.457,4.627,4.029
2022-02-14 00:00:00,3.463,3.681,3.272,3.249,3.121,4.531,3.408,3.574,4.673,4.028
2022-02-21 00:00:00,3.528,3.722,3.366,3.261,3.184,4.557,3.483,3.613,4.725,4.055
2022-02-28 00:00:00,3.583,3.921,3.394,3.27,3.2,4.671,3.498,3.684,4.789,4.099
2022-03-07 00:00:00,4.17,4.403,3.916,3.726,3.804,5.203,3.994,4.263,5.277,4.513
2022-03-14 00:00:00,4.309,4.57,4.106,3.927,3.971,5.603,4.327,4.321,5.697,4.814
2022-03-21 00:00:00,4.242,4.531,4.044,3.941,3.914,5.74,4.164,4.219,5.766,4.75
2022-03-28 00:00:00,4.213,4.535,4.145,3.953,3.878,5.831,4.127,4.161,5.789,4.766
2022-04-04 00:00:00,4.135,4.473,4.083,3.915,3.833,5.752,4.161,4.085,5.748,4.702
2022-04-11 00:00:00,4.094,4.411,3.943,3.891,3.757,5.641,4.067,4.003,5.634,4.66
2022-04-18 00:00:00,4.073,4.39,3.821,3.879,3.739,5.574,4.008,3.968,5.56,4.663
2022-04-25 00:00:00,4.122,4.447,3.788,3.93,3.748,5.525,4.108,4.043,5.556,4.691
2022-05-02 00:00:00,4.213,4.467,4.102,3.935,3.795,5.545,4.186,4.199,5.557,4.708
2022-05-09 00:00:00,4.413,4.672,4.102,3.926,3.992,5.634,4.201,4.462,5.77,4.814
2022-05-16 00:00:00,4.661,4.929,4.343,4.032,4.139,5.765,4.489,4.684,5.921,4.994
2022-05-23 00:00:00,4.749,5.133,4.453,4.034,4.226,5.857,4.482,4.799,6.042,5.2
2022-05-30 00:00:00,4.769,5.264,4.479,4.16,4.212,5.942,4.556,4.81,6.155,5.241
2022-06-06 00:00:00,5.005,5.579,4.868,4.6,4.571,6.134,4.748,4.879,6.335,5.416
2022-06-13 00:00:00,5.061,5.803,5.047,4.84,4.621,6.225,4.87,4.983,6.384,5.549
2022-06-20 00:00:00,4.978,5.742,4.985,4.839,4.562,6.167,4.794,4.897,6.283,5.518
2022-06-27 00:00:00,4.896,5.647,4.873,4.828,4.462,6.102,4.682,4.829,6.19,5.461
2022-07-04 00:00:00,4.833,5.536,4.689,4.829,4.333,6.028,4.536,4.722,6.114,5.405
2022-07-11 00:00:00,4.702,5.372,4.533,4.784,4.175,5.873,4.42,4.603,5.934,5.308
2022-07-18 00:00:00,4.616,5.238,4.319,4.674,3.972,5.677,4.275,4.475,5.804,5.162
2022-07-25 00:00:00,4.513,5.046,4.071,4.461,3.842,5.52,4.106,4.365,5.703,5.081
2022-08-01 00:00:00,4.478,4.854,3.872,4.202,3.716,5.426,3.983,4.262,5.599,5.004
2022-08-08 00:00:00,4.373,4.659,3.683,3.988,3.562,5.244,3.796,4.153,5.454,4.886
2022-08-15 00:00:00,4.255,4.499,3.594,3.834,3.412,5.159,3.655,4.027,5.445,4.811
2022-08-22 00:00:00,4.187,4.459,3.648,3.734,3.352,5.061,3.542,3.916,5.425,4.785
2022-08-29 00:00:00,4.058,4.373,3.569,3.609,3.262,4.972,3.603,3.803,5.19,4.738
2022-09-05 00:00:00,3.901,4.32,3.616,3.525,3.137,5.003,3.493,3.652,5.158,4.639
2022-09-12 00:00:00,3.773,4.212,3.504,3.469,3.038,5.107,3.442,3.569,5.378,4.67
2022-09-19 00:00:00,3.674,4.076,3.376,3.506,3.004,5.168,3.42,3.471,5.388,4.653
2022-09-26 00:00:00,3.562,4.1,3.705,3.595,2.966,5.585,3.36,3.361,5.778,4.867
2022-10-03 00:00:00,3.466,4.248,3.736,3.521,2.939,6.194,3.163,3.305,6.359,5.365
2022-10-10 00:00:00,3.55,4.558,3.911,3.595,3.155,6.125,3.319,3.475,6.22,5.504
2022-10-17 00:00:00,3.591,4.462,3.703,3.534,3.17,5.783,3.36,3.574,5.993,5.287
2022-10-24 00:00:00,3.574,4.36,3.61,3.42,3.072,5.411,3.342,3.536,5.58,5.049
2022-10-31 00:00:00,3.735,4.266,3.691,3.347,3.073,5.241,3.254,3.724,5.353,4.934
2022-11-07 00:00:00,3.822,4.482,3.843,3.331,3.065,5.183,3.396,3.847,5.26,4.879
2022-11-14 00:00:00,3.824,4.264,3.664,3.279,3.009,5.165,3.499,3.791,5.255,4.901
2022-11-21 00:00:00,3.79,4.08,3.493,3.166,2.907,4.993,3.422,3.704,5.018,4.822
2022-11-28 00:00:00,3.749,3.899,3.374,3.028,2.831,4.785,3.361,3.619,4.785,4.592
2022-12-05 00:00:00,3.654,3.659,3.139,2.924,2.721,4.544,3.248,3.484,4.593,4.418
2022-12-12 00:00:00,3.509,3.469,2.938,2.808,2.612,4.312,3.156,3.33,4.369,4.209
2022-12-19 00:00:00,3.38,3.334,2.83,2.691,2.545,4.153,3.031,3.216,4.217,4.027
2022-12-26 00:00:00,3.33,3.251,2.962,2.622,2.595,4.149,3.018,3.159,4.23,3.945
2023-01-02 00:00:00,3.327,3.295,3.266,2.812,2.773,4.239,3.274,3.247,4.26,3.973
2023-01-09 00:00:00,3.3,3.421,3.368,3.022,2.791,4.224,3.253,3.231,4.278,4.037
2023-01-16 00:00:00,3.272,3.563,3.481,3.354,2.853,4.244,3.311,3.259,4.282,4.069
2023-01-23 00:00:00,3.367,3.548,3.497,3.608,2.981,4.301,3.402,3.367,4.249,4.109
2023-01-30 00:00:00,3.398,3.739,3.58,3.77,3.031,4.317,3.521,3.428,4.428,4.206
2023-02-06 00:00:00,3.374,3.654,3.435,3.863,2.999,4.373,3.478,3.377,4.478,4.241
2023-02-13 00:00:00,3.357,3.594,3.444,3.951,2.901,4.438,3.408,3.322,4.44,4.212
2023-02-20 00:00:00,3.322,3.511,3.258,4.118,2.882,4.553,3.346,3.265,4.495,4.271
2023-02-27 00:00:00,3.254,3.541,3.138,4.048,2.819,4.609,3.327,3.204,4.548,4.368
2023-03-06 00:00:00,3.261,3.553,3.439,3.959,2.863,4.73,3.277,3.249,4.775,4.376
2023-03-13 00:00:00,3.275,3.653,3.373,3.845,2.942,4.753,3.295,3.303,4.735,4.359
2023-03-20 00:00:00,3.237,3.623,3.272,3.692,2.928,4.658,3.389,3.269,4.634,4.339
2023-03-27 00:00:00,3.223,3.718,3.173,3.495,3.005,4.633,3.346,3.234,4.55,4.351
2023-04-03 00:00:00,3.241,3.922,3.459,3.357,3.104,4.612,3.435,3.322,4.581,4.378
2023-04-10 00:00:00,3.345,4.044,3.672,3.286,3.188,4.669,3.564,3.396,4.636,4.434
2023-04-17 00:00:00,3.37,4.172,3.643,3.505,3.244,4.705,3.585,3.475,4.739,4.506
2023-04-24 00:00:00,3.486,4.185,3.612,3.494,3.195,4.691,3.668,3.537,4.71,4.579
2023-05-01 00:00:00,3.458,4.174,3.501,3.402,3.106,4.67,3.623,3.518,4.637,4.626
2023-05-08 00:00:00,3.409,4.1,3.374,3.294,3,4.626,3.582,3.464,4.612,4.629
2023-05-15 00:00:00,3.397,4.054,3.588,3.219,2.991,4.607,3.518,3.45,4.579,4.64
2023-05-22 00:00:00,3.415,4.101,3.514,3.216,2.956,4.611,3.44,3.434,4.617,4.652
2023-05-29 00:00:00,3.498,4.125,3.496,3.367,2.995,4.663,3.411,3.519,4.626,4.659
2023-06-05 00:00:00,3.507,4.046,3.395,3.354,2.983,4.682,3.389,3.506,4.631,4.671
2023-06-12 00:00:00,3.511,4.187,3.593,3.401,3.017,4.726,3.464,3.489,4.75,4.709
2023-06-19 00:00:00,3.516,4.301,3.494,3.495,3.038,4.691,3.405,3.496,4.661,4.834
2023-06-26 00:00:00,3.517,4.191,3.415,3.634,3.145,4.666,3.351,3.495,4.566,4.963
2023-07-03 00:00:00,3.527,4.046,3.291,3.768,3.106,4.662,3.291,3.506,4.618,4.992
2023-07-10 00:00:00,3.527,3.975,3.24,3.715,3.11,4.698,3.44,3.511,4.66,4.968
2023-07-17 00:00:00,3.529,4.009,3.337,3.791,3.082,4.742,3.406,3.487,4.67,4.955
2023-07-24 00:00:00,3.543,3.96,3.286,3.748,3.179,4.719,3.502,3.537,4.644,4.963
2023-07-31 00:00:00,3.663,4.132,3.518,3.953,3.349,4.855,3.614,3.709,4.814,5.008
2023-08-07 00:00:00,3.746,4.202,3.478,3.929,3.366,4.941,3.775,3.764,4.876,5.082
2023-08-14 00:00:00,3.751,4.404,3.646,3.887,3.359,5.008,3.718,3.755,4.976,5.097
2023-08-21 00:00:00,3.766,4.34,3.581,3.966,3.365,5.136,3.774,3.755,5.051,5.117
2023-08-28 00:00:00,3.759,4.272,3.499,3.88,3.309,5.138,3.684,3.71,5.155,5.138
2023-09-04 00:00:00,3.721,4.189,3.612,3.813,3.289,5.163,3.664,3.687,5.213,5.147
2023-09-11 00:00:00,3.715,4.108,3.524,3.839,3.283,5.263,3.612,3.7,5.286,5.114
2023-09-18 00:00:00,3.745,4.068,3.63,3.938,3.301,5.662,3.669,3.767,5.438,5.08
2023-09-25 00:00:00,3.735,3.962,3.53,3.817,3.277,5.837,3.576,3.706,5.506,5.072
2023-10-02 00:00:00,3.702,3.814,3.401,3.717,3.25,5.982,3.503,3.659,5.727,5.19
2023-10-09 00:00:00,3.656,3.677,3.25,3.615,3.135,5.671,3.485,3.572,5.493,5.013
2023-10-16 00:00:00,3.616,3.628,3.159,3.436,3.017,5.396,3.349,3.52,5.417,4.897
2023-10-23 00:00:00,3.559,3.635,3.251,3.502,2.964,5.177,3.26,3.499,5.252,4.811
2023-10-30 00:00:00,3.54,3.551,3.188,3.386,2.892,5.007,3.328,3.455,5.132,4.704
2023-11-06 00:00:00,3.503,3.553,3.2,3.176,2.821,4.896,3.212,3.385,5.051,4.633
2023-11-13 00:00:00,3.454,3.591,3.178,3.014,2.755,4.82,3.206,3.328,4.924,4.565
2023-11-20 00:00:00,3.415,3.533,3.073,2.849,2.689,4.731,3.063,3.314,4.861,4.491
2023-11-27 00:00:00,3.385,3.448,3.016,2.808,2.636,4.67,3.013,3.308,4.768,4.446
2023-12-04 00:00:00,3.328,3.39,2.986,2.72,2.621,4.557,3.16,3.265,4.685,4.389
2023-12-11 00:00:00,3.251,3.305,2.873,2.559,2.554,4.427,3.061,3.21,4.498,4.339
2023-12-18 00:00:00,3.21,3.15,2.736,2.46,2.497,4.353,2.973,3.143,4.35,4.277
2023-12-25 00:00:00,3.21,3.089,2.839,2.609,2.609,4.363,3.156,3.125,4.402,4.215
2024-01-01 00:00:00,3.194,2.981,2.71,2.534,2.563,4.465,3.116,3.107,4.602,4.225
2024-01-08 00:00:00,3.183,3.04,2.555,2.492,2.565,4.443,3.129,3.087,4.576,4.165
2024-01-15 00:00:00,3.124,3.161,2.884,2.491,2.561,4.311,3.067,3.036,4.454,4.131
2024-01-22 00:00:00,3.107,3.321,3.071,2.453,2.592,4.243,3.025,3.036,4.37,4.075
2024-01-29 00:00:00,3.115,3.234,2.993,2.687,2.675,4.293,3.148,3.097,4.348,4.044
2024-02-05 00:00:00,3.141,3.212,3.018,2.709,2.749,4.403,3.21,3.098,4.378,4.024
