Back to Contents,Data 3: States,Unnamed: 2,Unnamed: 3,Unnamed: 4,Unnamed: 5,Unnamed: 6,Unnamed: 7,Unnamed: 8,Unnamed: 9
Sourcekey,EMM_EPMR_PTE_SCA_DPG,EMM_EPMR_PTE_SCO_DPG,EMM_EPMR_PTE_SFL_DPG,EMM_EPMR_PTE_SMA_DPG,EMM_EPMR_PTE_SMN_DPG,EMM_EPMR_PTE_SNY_DPG,EMM_EPMR_PTE_SOH_DPG,EMM_EPMR_PTE_STX_DPG,EMM_EPMR_PTE_SWA_DPG
Date,Weekly California Regular All Formulations Retail Gasoline Prices  (Dollars per Gallon),Weekly Colorado Regular All Formulations Retail Gasoline Prices  (Dollars per Gallon),Weekly Florida Regular All Formulations Retail Gasoline Prices  (Dollars per Gallon),Weekly Massachusetts Regular All Formulations Retail Gasoline Prices  (Dollars per Gallon),Weekly Minnesota Regular All Formulations Retail Gasoline Prices  (Dollars per Gallon),Weekly New York Regular All Formulations Retail Gasoline Prices  (Dollars per Gallon),Weekly Ohio Regular All Formulations Retail Gasoline Prices  (Dollars per Gallon),Weekly Texas Regular All Formulations Retail Gasoline Prices  (Dollars per Gallon),Weekly Washington Regular All Formulations Retail Gasoline Prices  (Dollars per Gallon)
2000-05-22 00:00:00,1.634,,,,,,,,
2000-05-29 00:00:00,1.626,,,,,,,,
2000-06-05 00:00:00,1.613,1.517,,,1.582,1.607,,1.474,
2000-06-12 00:00:00,1.614,1.557,,,1.772,1.648,,1.476,
2000-06-19 00:00:00,1.618,1.633,,,1.833,1.691,,1.518,
2000-06-26 00:00:00,1.641,1.668,,,1.749,1.711,,1.526,
2000-07-03 00:00:00,1.71,1.656,,,1.617,1.73,,1.532,
2000-07-10 00:00:00,1.729,1.645,,,1.533,1.724,,1.533,
2000-07-17 00:00:00,1.72,1.626,,,1.415,1.721,,1.515,
2000-07-24 00:00:00,1.712,1.603,,,1.357,1.706,,1.491,
2000-07-31 00:00:00,1.681,1.581,,,1.358,1.675,,1.462,
2000-08-07 00:00:00,1.666,1.554,,,1.428,1.657,,1.422,
2000-08-14 00:00:00,1.668,1.525,,,1.398,1.638,,1.41,
2000-08-21 00:00:00,1.667,1.52,,,1.482,1.628,,1.416,
2000-08-28 00:00:00,1.702,1.515,,,1.555,1.622,,1.418,
2000-09-04 00:00:00,1.79,1.511,,,1.613,1.611,,1.425,
2000-09-11 00:00:00,1.849,1.582,,,1.589,1.632,,1.456,
2000-09-18 00:00:00,1.832,1.595,,,1.608,1.631,,1.457,
2000-09-25 00:00:00,1.832,1.586,,,1.56,1.633,,1.456,
2000-10-02 00:00:00,1.832,1.568,,,1.498,1.625,,1.435,
2000-10-09 00:00:00,1.826,1.556,,,1.474,1.613,,1.404,
2000-10-16 00:00:00,1.809,1.553,,,1.521,1.622,,1.424,
2000-10-23 00:00:00,1.797,1.576,,,1.584,1.623,,1.427,
2000-10-30 00:00:00,1.796,1.593,,,1.538,1.628,,1.431,
2000-11-06 00:00:00,1.791,1.578,,,1.478,1.63,,1.418,
2000-11-13 00:00:00,1.777,1.555,,,1.511,1.625,,1.414,
2000-11-20 00:00:00,1.752,1.55,,,1.467,1.619,,1.402,
2000-11-27 00:00:00,1.744,1.541,,,1.505,1.616,,1.407,
2000-12-04 00:00:00,1.721,1.534,,,1.46,1.605,,1.39,
2000-12-11 00:00:00,1.688,1.499,,,1.412,1.596,,1.36,
2000-12-18 00:00:00,1.658,1.466,,,1.446,1.58,,1.333,
2000-12-25 00:00:00,1.647,1.437,,,1.417,1.569,,1.314,
2001-01-01 00:00:00,1.629,1.424,,,1.449,1.56,,1.307,
2001-01-08 00:00:00,1.627,1.413,,,1.495,1.549,,1.321,
2001-01-15 00:00:00,1.6,1.431,,,1.595,1.542,,1.38,
2001-01-22 00:00:00,1.582,1.45,,,1.563,1.535,,1.408,
2001-01-29 00:00:00,1.566,1.457,,,1.593,1.532,,1.399,
2001-02-05 00:00:00,1.59,1.475,,,1.56,1.527,,1.38,
2001-02-12 00:00:00,1.637,1.473,,,1.615,1.534,,1.391,
2001-02-19 00:00:00,1.66,1.468,,,1.543,1.529,,1.385,
2001-02-26 00:00:00,1.662,1.459,,,1.473,1.525,,1.361,
2001-03-05 00:00:00,1.694,1.44,,,1.395,1.509,,1.329,
2001-03-12 00:00:00,1.7,1.427,,,1.42,1.502,,1.317,
2001-03-19 00:00:00,1.695,1.42,,,1.372,1.489,,1.312,
2001-03-26 00:00:00,1.683,1.43,,,1.43,1.483,,1.317,
2001-04-02 00:00:00,1.716,1.487,,,1.5,1.491,,1.352,
2001-04-09 00:00:00,1.754,1.506,,,1.489,1.515,,1.415,
2001-04-16 00:00:00,1.798,1.538,,,1.604,1.572,,1.525,
2001-04-23 00:00:00,1.828,1.614,,,1.702,1.644,,1.549,
2001-04-30 00:00:00,1.867,1.639,,,1.714,1.689,,1.559,
2001-05-07 00:00:00,1.938,1.734,,,1.816,1.739,,1.592,
2001-05-14 00:00:00,1.954,1.746,,,1.8,1.774,,1.601,
2001-05-21 00:00:00,1.951,1.738,,,1.741,1.775,,1.579,
2001-05-28 00:00:00,1.947,1.757,,,1.837,1.795,,1.588,
2001-06-04 00:00:00,1.931,1.771,,,1.773,1.794,,1.571,
2001-06-11 00:00:00,1.946,1.739,,,1.65,1.773,,1.537,
2001-06-18 00:00:00,1.929,1.711,,,1.546,1.742,,1.515,
2001-06-25 00:00:00,1.901,1.658,,,1.431,1.712,,1.469,
2001-07-02 00:00:00,1.859,1.607,,,1.403,1.676,,1.401,
2001-07-09 00:00:00,1.824,1.553,,,1.328,1.647,,1.331,
2001-07-16 00:00:00,1.776,1.5,,,1.373,1.62,,1.294,
2001-07-23 00:00:00,1.722,1.438,,,1.318,1.587,,1.277,
2001-07-30 00:00:00,1.669,1.383,,,1.386,1.561,,1.268,
2001-08-06 00:00:00,1.616,1.346,,,1.478,1.537,,1.265,
2001-08-13 00:00:00,1.56,1.339,,,1.45,1.526,,1.276,
2001-08-20 00:00:00,1.523,1.446,,,1.556,1.517,,1.308,
2001-08-27 00:00:00,1.535,1.583,,,1.824,1.507,,1.321,
2001-09-03 00:00:00,1.643,1.658,,,1.831,1.512,,1.369,
2001-09-10 00:00:00,1.677,1.63,,,1.75,1.511,,1.38,
2001-09-17 00:00:00,1.672,1.619,,,1.702,1.514,,1.397,
2001-09-24 00:00:00,1.66,1.589,,,1.583,1.511,,1.368,
2001-10-01 00:00:00,1.624,1.534,,,1.391,1.478,,1.313,
2001-10-08 00:00:00,1.582,1.482,,,1.307,1.451,,1.265,
2001-10-15 00:00:00,1.55,1.431,,,1.233,1.418,,1.231,
2001-10-22 00:00:00,1.505,1.357,,,1.231,1.387,,1.17,
2001-10-29 00:00:00,1.469,1.299,,,1.18,1.36,,1.148,
2001-11-05 00:00:00,1.422,1.232,,,1.222,1.328,,1.112,
2001-11-12 00:00:00,1.379,1.185,,,1.171,1.305,,1.082,
2001-11-19 00:00:00,1.335,1.15,,,1.15,1.273,,1.068,
2001-11-26 00:00:00,1.293,1.118,,,1.073,1.251,,1.035,
2001-12-03 00:00:00,1.243,1.073,,,1.121,1.222,,1.022,
2001-12-10 00:00:00,1.197,1.056,,,1.039,1.199,,1.011,
2001-12-17 00:00:00,1.141,1.037,,,0.993,1.181,,0.998,
2001-12-24 00:00:00,1.109,1.061,,,1.084,1.165,,0.996,
2001-12-31 00:00:00,1.1,1.069,,,1.16,1.167,,1.025,
2002-01-07 00:00:00,1.129,1.069,,,1.176,1.186,,1.042,
2002-01-14 00:00:00,1.182,1.125,,,1.124,1.21,,1.05,
2002-01-21 00:00:00,1.206,1.121,,,1.121,1.213,,1.039,
2002-01-28 00:00:00,1.224,1.11,,,1.086,1.212,,1.033,
2002-02-04 00:00:00,1.251,1.104,,,1.107,1.207,,1.034,
2002-02-11 00:00:00,1.254,1.097,,,1.079,1.205,,1.037,
2002-02-18 00:00:00,1.286,1.096,,,1.122,1.201,,1.053,
2002-02-25 00:00:00,1.304,1.147,,,1.086,1.203,,1.056,
2002-03-04 00:00:00,1.331,1.143,,,1.184,1.207,,1.061,
2002-03-11 00:00:00,1.454,1.179,,,1.28,1.245,,1.164,
2002-03-18 00:00:00,1.498,1.249,,,1.36,1.315,,1.221,
2002-03-25 00:00:00,1.561,1.347,,,1.386,1.378,,1.279,
2002-04-01 00:00:00,1.592,1.359,,,1.428,1.419,,1.3,
2002-04-08 00:00:00,1.622,1.369,,,1.482,1.454,,1.339,
2002-04-15 00:00:00,1.617,1.377,,,1.407,1.486,,1.349,
2002-04-22 00:00:00,1.613,1.378,,,1.371,1.5,,1.341,
2002-04-29 00:00:00,1.607,1.401,,,1.374,1.498,,1.337,
2002-05-06 00:00:00,1.589,1.397,,,1.328,1.494,,1.336,
2002-05-13 00:00:00,1.571,1.384,,,1.329,1.503,,1.331,
2002-05-20 00:00:00,1.557,1.377,,,1.361,1.496,,1.329,
2002-05-27 00:00:00,1.554,1.372,,,1.35,1.493,,1.325,
2002-06-03 00:00:00,1.563,1.369,,,1.348,1.488,,1.327,
2002-06-10 00:00:00,1.563,1.357,,,1.306,1.482,,1.312,
2002-06-17 00:00:00,1.601,1.347,,,1.32,1.477,,1.303,
2002-06-24 00:00:00,1.618,1.343,,,1.322,1.473,,1.295,
2002-07-01 00:00:00,1.618,1.385,,,1.384,1.467,,1.293,
2002-07-08 00:00:00,1.613,1.398,,,1.352,1.464,,1.289,
2002-07-15 00:00:00,1.604,1.393,,,1.444,1.466,,1.294,
2002-07-22 00:00:00,1.591,1.453,,,1.493,1.493,,1.317,
2002-07-29 00:00:00,1.578,1.467,,,1.433,1.5,,1.311,
2002-08-05 00:00:00,1.593,1.462,,,1.429,1.513,,1.318,
2002-08-12 00:00:00,1.586,1.453,,,1.444,1.516,,1.307,
2002-08-19 00:00:00,1.581,1.437,,,1.391,1.514,,1.308,
2002-08-26 00:00:00,1.593,1.432,,,1.427,1.519,,1.313,
2002-09-02 00:00:00,1.599,1.422,,,1.438,1.519,,1.313,
2002-09-09 00:00:00,1.59,1.417,,,1.397,1.517,,1.311,
2002-09-16 00:00:00,1.58,1.412,,,1.427,1.518,,1.319,
2002-09-23 00:00:00,1.569,1.413,,,1.386,1.52,,1.328,
2002-09-30 00:00:00,1.559,1.43,,,1.456,1.529,,1.348,
2002-10-07 00:00:00,1.546,1.481,,,1.504,1.536,,1.373,
2002-10-14 00:00:00,1.534,1.472,,,1.538,1.535,,1.383,
2002-10-21 00:00:00,1.524,1.473,,,1.515,1.541,,1.406,
2002-10-28 00:00:00,1.521,1.481,,,1.543,1.546,,1.398,
2002-11-04 00:00:00,1.562,1.478,,,1.473,1.549,,1.385,
2002-11-11 00:00:00,1.592,1.465,,,1.464,1.565,,1.367,
2002-11-18 00:00:00,1.587,1.449,,,1.367,1.556,,1.339,
2002-11-25 00:00:00,1.57,1.429,,,1.342,1.553,,1.317,
2002-12-02 00:00:00,1.562,1.41,,,1.285,1.556,,1.306,
2002-12-09 00:00:00,1.54,1.384,,,1.313,1.553,,1.298,
2002-12-16 00:00:00,1.525,1.36,,,1.331,1.546,,1.29,
2002-12-23 00:00:00,1.52,1.371,,,1.403,1.56,,1.333,
2002-12-30 00:00:00,1.532,1.396,,,1.472,1.584,,1.385,
2003-01-06 00:00:00,1.577,1.457,,,1.407,1.602,,1.404,
2003-01-13 00:00:00,1.592,1.455,,,1.406,1.604,,1.399,
2003-01-20 00:00:00,1.634,1.452,,,1.421,1.6,,1.407,
2003-01-27 00:00:00,1.649,1.443,,,1.46,1.603,,1.419,
2003-02-03 00:00:00,1.683,1.475,,,1.524,1.636,,1.475,
2003-02-10 00:00:00,1.752,1.572,,,1.603,1.712,,1.56,
2003-02-17 00:00:00,1.862,1.621,,,1.679,1.748,,1.581,
2003-02-24 00:00:00,1.922,1.613,,,1.603,1.757,,1.576,
2003-03-03 00:00:00,2.012,1.612,,,1.624,1.755,,1.572,
2003-03-10 00:00:00,2.084,1.638,,,1.67,1.765,,1.586,
2003-03-17 00:00:00,2.145,1.658,,,1.665,1.781,,1.609,
2003-03-24 00:00:00,2.143,1.651,,,1.534,1.775,,1.592,
2003-03-31 00:00:00,2.13,1.623,,,1.513,1.759,,1.562,
2003-04-07 00:00:00,2.115,1.598,,,1.449,1.743,,1.527,
2003-04-14 00:00:00,2.077,1.557,,,1.455,1.726,,1.488,
2003-04-21 00:00:00,2.009,1.523,,,1.478,1.709,,1.454,
2003-04-28 00:00:00,1.977,1.506,,,1.442,1.692,,1.434,
2003-05-05 00:00:00,1.928,1.474,,,1.371,1.665,,1.396,
2003-05-12 00:00:00,1.867,1.455,,,1.419,1.64,,1.364,
2003-05-19 00:00:00,1.809,1.485,,,1.496,1.618,,1.365,
2003-05-26 00:00:00,1.763,1.477,1.439,1.498,1.457,1.595,1.421,1.364,1.543
2003-06-02 00:00:00,1.732,1.455,1.443,1.49,1.435,1.577,1.365,1.358,1.539
2003-06-09 00:00:00,1.696,1.444,1.449,1.477,1.466,1.562,1.487,1.371,1.541
2003-06-16 00:00:00,1.787,1.496,1.478,1.495,1.511,1.559,1.515,1.394,1.582
2003-06-23 00:00:00,1.805,1.49,1.468,1.488,1.442,1.547,1.391,1.387,1.586
2003-06-30 00:00:00,1.8,1.467,1.454,1.48,1.459,1.542,1.435,1.372,1.582
2003-07-07 00:00:00,1.785,1.458,1.464,1.482,1.493,1.55,1.413,1.381,1.62
2003-07-14 00:00:00,1.757,1.456,1.515,1.505,1.52,1.578,1.467,1.424,1.605
2003-07-21 00:00:00,1.725,1.475,1.527,1.519,1.514,1.595,1.515,1.438,1.594
2003-07-28 00:00:00,1.707,1.528,1.52,1.518,1.517,1.6,1.469,1.433,1.583
2003-08-04 00:00:00,1.703,1.539,1.53,1.533,1.632,1.598,1.5,1.442,1.612
2003-08-11 00:00:00,1.743,1.576,1.571,1.559,1.591,1.622,1.538,1.474,1.663
2003-08-18 00:00:00,1.92,1.607,1.61,1.585,1.601,1.665,1.604,1.504,1.824
2003-08-25 00:00:00,2.101,1.649,1.688,1.757,1.749,1.83,1.741,1.581,1.945
2003-09-01 00:00:00,2.1,1.709,1.682,1.806,1.693,1.881,1.679,1.577,1.951
2003-09-08 00:00:00,2.085,1.694,1.648,1.791,1.638,1.866,1.608,1.55,1.929
2003-09-15 00:00:00,2.034,1.67,1.628,1.78,1.633,1.851,1.692,1.515,1.868
2003-09-22 00:00:00,1.978,1.626,1.6,1.76,1.518,1.826,1.595,1.475,1.797
2003-09-29 00:00:00,1.912,1.569,1.566,1.729,1.429,1.801,1.501,1.432,1.733
2003-10-06 00:00:00,1.854,1.525,1.539,1.706,1.497,1.782,1.539,1.407,1.688
2003-10-13 00:00:00,1.805,1.498,1.523,1.692,1.528,1.759,1.549,1.412,1.651
2003-10-20 00:00:00,1.769,1.501,1.519,1.672,1.601,1.752,1.559,1.416,1.613
2003-10-27 00:00:00,1.737,1.544,1.501,1.637,1.531,1.722,1.466,1.401,1.594
2003-11-03 00:00:00,1.711,1.523,1.49,1.603,1.457,1.711,1.537,1.393,1.583
2003-11-10 00:00:00,1.685,1.49,1.476,1.566,1.479,1.689,1.422,1.374,1.573
2003-11-17 00:00:00,1.681,1.468,1.472,1.529,1.476,1.669,1.437,1.38,1.593
2003-11-24 00:00:00,1.691,1.456,1.489,1.531,1.491,1.662,1.5,1.398,1.59
2003-12-01 00:00:00,1.68,1.427,1.48,1.521,1.44,1.657,1.379,1.388,1.573
2003-12-08 00:00:00,1.652,1.403,1.469,1.503,1.445,1.647,1.391,1.375,1.549
2003-12-15 00:00:00,1.624,1.39,1.468,1.494,1.457,1.637,1.36,1.37,1.523
2003-12-22 00:00:00,1.615,1.456,1.49,1.507,1.489,1.64,1.46,1.396,1.51
2003-12-29 00:00:00,1.595,1.454,1.494,1.505,1.461,1.638,1.423,1.393,1.502
2004-01-05 00:00:00,1.617,1.443,1.531,1.516,1.502,1.643,1.513,1.423,1.529
2004-01-12 00:00:00,1.667,1.483,1.617,1.561,1.559,1.677,1.547,1.475,1.583
2004-01-19 00:00:00,1.69,1.506,1.633,1.594,1.597,1.726,1.584,1.516,1.636
2004-01-26 00:00:00,1.726,1.548,1.643,1.637,1.607,1.759,1.646,1.528,1.655
2004-02-02 00:00:00,1.753,1.534,1.648,1.644,1.572,1.776,1.564,1.533,1.664
2004-02-09 00:00:00,1.821,1.531,1.649,1.644,1.623,1.774,1.642,1.536,1.672
2004-02-16 00:00:00,1.868,1.553,1.66,1.645,1.632,1.779,1.667,1.538,1.686
2004-02-23 00:00:00,2.029,1.569,1.674,1.665,1.639,1.793,1.702,1.558,1.742
2004-03-01 00:00:00,2.109,1.588,1.693,1.681,1.681,1.827,1.716,1.567,1.807
2004-03-08 00:00:00,2.112,1.675,1.741,1.702,1.673,1.859,1.711,1.595,1.823
2004-03-15 00:00:00,2.097,1.686,1.743,1.705,1.642,1.855,1.604,1.589,1.817
2004-03-22 00:00:00,2.083,1.701,1.765,1.714,1.685,1.866,1.674,1.61,1.812
2004-03-29 00:00:00,2.079,1.762,1.771,1.726,1.705,1.872,1.728,1.626,1.808
2004-04-05 00:00:00,2.126,1.768,1.799,1.73,1.702,1.874,1.728,1.651,1.848
2004-04-12 00:00:00,2.157,1.771,1.794,1.713,1.736,1.863,1.737,1.647,1.884
2004-04-19 00:00:00,2.148,1.843,1.809,1.739,1.77,1.879,1.776,1.681,1.959
2004-04-26 00:00:00,2.124,1.831,1.815,1.749,1.761,1.889,1.78,1.675,2
2004-05-03 00:00:00,2.115,1.836,1.835,1.783,1.816,1.911,1.788,1.709,2.052
2004-05-10 00:00:00,2.223,1.934,1.908,1.907,1.902,2.025,1.86,1.804,2.18
2004-05-17 00:00:00,2.269,1.96,1.982,2.015,1.988,2.12,1.996,1.868,2.239
2004-05-24 00:00:00,2.324,2.001,2.02,2.066,2.057,2.169,2.051,1.919,2.288
2004-05-31 00:00:00,2.327,1.997,2.021,2.102,1.984,2.189,1.959,1.914,2.281
2004-06-07 00:00:00,2.316,1.985,2.019,2.107,1.921,2.186,1.951,1.903,2.244
2004-06-14 00:00:00,2.289,1.955,1.995,2.088,1.815,2.174,1.802,1.871,2.202
2004-06-21 00:00:00,2.259,1.916,1.966,2.051,1.734,2.151,1.719,1.83,2.133
2004-06-28 00:00:00,2.237,1.893,1.949,2.01,1.775,2.12,1.773,1.799,2.094
2004-07-05 00:00:00,2.204,1.869,1.913,1.968,1.765,2.097,1.784,1.773,2.025
2004-07-12 00:00:00,2.193,1.883,1.919,1.95,1.826,2.078,1.857,1.795,1.999
2004-07-19 00:00:00,2.186,1.919,1.934,1.939,1.862,2.072,1.889,1.806,1.988
2004-07-26 00:00:00,2.162,1.907,1.923,1.912,1.801,2.06,1.796,1.793,1.968
2004-08-02 00:00:00,2.128,1.888,1.836,1.911,1.813,2.043,1.805,1.777,1.948
2004-08-09 00:00:00,2.092,1.874,1.821,1.899,1.789,2.021,1.861,1.767,1.934
2004-08-16 00:00:00,2.055,1.857,1.807,1.895,1.816,2.012,1.875,1.774,1.929
2004-08-23 00:00:00,2.051,1.866,1.811,1.908,1.791,2.017,1.865,1.785,1.955
2004-08-30 00:00:00,2.1,1.858,1.806,1.892,1.764,1.999,1.76,1.768,1.992
2004-09-06 00:00:00,2.073,1.84,1.855,1.88,1.765,1.982,1.787,1.744,1.988
2004-09-13 00:00:00,2.053,1.829,1.854,1.861,1.776,1.972,1.795,1.733,1.988
2004-09-20 00:00:00,2.057,1.842,1.868,1.856,1.78,1.973,1.887,1.746,2.001
2004-09-27 00:00:00,2.094,1.889,1.922,1.9,1.884,2.005,1.934,1.813,2.011
2004-10-04 00:00:00,2.198,1.929,1.937,1.926,1.863,2.039,1.877,1.825,2.036
2004-10-11 00:00:00,2.327,1.934,1.982,1.958,1.903,2.099,1.955,1.867,2.059
2004-10-18 00:00:00,2.402,1.963,2.019,2.018,1.954,2.151,2.003,1.896,2.069
2004-10-25 00:00:00,2.394,1.976,2.04,2.016,1.929,2.156,1.953,1.899,2.075
2004-11-01 00:00:00,2.369,1.962,2.041,2.018,1.952,2.153,1.973,1.898,2.073
2004-11-08 00:00:00,2.341,1.946,2.036,2.007,1.888,2.136,1.89,1.877,2.061
2004-11-15 00:00:00,2.311,1.925,2.016,1.993,1.858,2.116,1.827,1.851,2.05
2004-11-22 00:00:00,2.263,1.905,1.992,1.967,1.883,2.097,1.851,1.825,2.029
2004-11-29 00:00:00,2.236,1.895,1.986,1.956,1.87,2.09,1.893,1.821,1.998
2004-12-06 00:00:00,2.192,1.872,1.966,1.934,1.806,2.087,1.796,1.786,1.98
2004-12-13 00:00:00,2.135,1.825,1.937,1.891,1.673,2.049,1.682,1.739,1.936
2004-12-20 00:00:00,2.049,1.799,1.899,1.858,1.714,2.015,1.746,1.691,1.884
2004-12-27 00:00:00,2.01,1.783,1.889,1.839,1.68,2.001,1.703,1.677,1.856
2005-01-03 00:00:00,1.982,1.754,1.857,1.817,1.7,1.976,1.744,1.65,1.83
2005-01-10 00:00:00,1.932,1.726,1.845,1.793,1.766,1.954,1.801,1.681,1.808
2005-01-17 00:00:00,1.932,1.744,1.869,1.802,1.788,1.937,1.793,1.73,1.807
2005-01-24 00:00:00,1.959,1.777,1.903,1.827,1.834,1.961,1.883,1.781,1.824
2005-01-31 00:00:00,2.034,1.831,1.941,1.898,1.907,2.007,1.914,1.833,1.872
2005-02-07 00:00:00,2.053,1.832,1.944,1.905,1.872,2.017,1.928,1.821,1.891
2005-02-14 00:00:00,2.091,1.825,1.932,1.892,1.863,2.008,1.845,1.799,1.915
2005-02-21 00:00:00,2.15,1.873,1.922,1.883,1.854,1.998,1.887,1.789,1.986
2005-02-28 00:00:00,2.176,1.896,1.924,1.871,1.897,1.984,1.944,1.802,2.023
2005-03-07 00:00:00,2.229,1.992,1.993,1.944,1.995,2.025,2.059,1.88,2.07
2005-03-14 00:00:00,2.287,2.074,2.082,1.965,2.019,2.1,2.101,1.947,2.131
2005-03-21 00:00:00,2.312,2.095,2.134,2.005,2.063,2.156,2.14,1.996,2.161
2005-03-28 00:00:00,2.376,2.166,2.19,2.044,2.098,2.192,2.142,2.054,2.222
2005-04-04 00:00:00,2.464,2.19,2.242,2.107,2.113,2.237,2.193,2.115,2.293
2005-04-11 00:00:00,2.592,2.269,2.296,2.172,2.121,2.311,2.22,2.157,2.442
2005-04-18 00:00:00,2.584,2.244,2.277,2.152,1.997,2.304,2.066,2.131,2.476
2005-04-25 00:00:00,2.565,2.217,2.263,2.187,2.033,2.309,2.156,2.119,2.478
2005-05-02 00:00:00,2.56,2.211,2.253,2.202,2.023,2.332,2.138,2.115,2.474
2005-05-09 00:00:00,2.516,2.188,2.228,2.185,1.949,2.319,2.021,2.081,2.453
2005-05-16 00:00:00,2.473,2.159,2.189,2.169,1.961,2.301,2.021,2.05,2.417
2005-05-23 00:00:00,2.434,2.12,2.156,2.138,1.935,2.281,1.994,2.012,2.372
2005-05-30 00:00:00,2.391,2.089,2.126,2.101,1.931,2.257,1.982,1.985,2.321
2005-06-06 00:00:00,2.36,2.083,2.13,2.109,2.006,2.244,2.006,2.029,2.283
2005-06-13 00:00:00,2.333,2.094,2.138,2.135,1.999,2.242,2.078,2.034,2.262
2005-06-20 00:00:00,2.352,2.093,2.161,2.187,2.083,2.277,2.082,2.075,2.263
2005-06-27 00:00:00,2.412,2.136,2.224,2.217,2.137,2.314,2.204,2.107,2.311
2005-07-04 00:00:00,2.457,2.192,2.221,2.252,2.108,2.317,2.178,2.108,2.35
2005-07-11 00:00:00,2.525,2.27,2.29,2.39,2.25,2.433,2.335,2.225,2.425
2005-07-18 00:00:00,2.538,2.274,2.301,2.386,2.163,2.438,2.234,2.218,2.45
2005-07-25 00:00:00,2.541,2.254,2.288,2.371,2.114,2.459,2.139,2.203,2.449
2005-08-01 00:00:00,2.549,2.239,2.288,2.372,2.153,2.447,2.196,2.174,2.481
2005-08-08 00:00:00,2.601,2.297,2.338,2.397,2.27,2.477,2.328,2.284,2.551
2005-08-15 00:00:00,2.716,2.457,2.537,2.551,2.501,2.615,2.491,2.49,2.626
2005-08-22 00:00:00,2.75,2.597,2.625,2.607,2.543,2.666,2.57,2.557,2.672
2005-08-29 00:00:00,2.77,2.61,2.622,2.604,2.559,2.67,2.601,2.53,2.732
2005-09-05 00:00:00,3.056,3.04,3.012,3.219,2.864,3.369,3.019,2.957,2.956
2005-09-12 00:00:00,3.004,2.995,2.942,3.121,2.746,3.3,2.901,2.843,2.94
2005-09-19 00:00:00,2.954,2.885,2.777,2.945,2.539,3.02,2.673,2.672,2.899
2005-09-26 00:00:00,2.947,2.866,2.795,2.878,2.655,2.942,2.716,2.738,2.885
2005-10-03 00:00:00,2.973,2.907,2.984,2.883,2.785,2.94,2.915,2.899,2.889
2005-10-10 00:00:00,2.964,2.845,2.921,2.794,2.589,2.898,2.768,2.833,2.864
2005-10-17 00:00:00,2.902,2.785,2.833,2.685,2.421,2.853,2.571,2.703,2.805
2005-10-24 00:00:00,2.827,2.698,2.733,2.558,2.295,2.784,2.407,2.556,2.751
2005-10-31 00:00:00,2.747,2.583,2.655,2.445,2.217,2.676,2.268,2.404,2.625
2005-11-07 00:00:00,2.659,2.466,2.544,2.337,2.161,2.571,2.151,2.294,2.551
2005-11-14 00:00:00,2.582,2.373,2.405,2.218,2.153,2.487,2.137,2.2,2.47
2005-11-21 00:00:00,2.453,2.277,2.3,2.11,2.041,2.408,2.029,2.101,2.391
2005-11-28 00:00:00,2.412,2.209,2.236,2.049,2.021,2.35,1.999,2.056,2.341
2005-12-05 00:00:00,2.335,2.142,2.187,2.055,2.081,2.314,2.159,2.047,2.271
2005-12-12 00:00:00,2.277,2.147,2.214,2.128,2.169,2.343,2.209,2.136,2.188
2005-12-19 00:00:00,2.249,2.179,2.241,2.188,2.166,2.366,2.23,2.159,2.16
2005-12-26 00:00:00,2.233,2.148,2.228,2.181,2.139,2.391,2.221,2.14,2.147
2006-01-02 00:00:00,2.213,2.166,2.27,2.231,2.229,2.444,2.278,2.175,2.155
2006-01-09 00:00:00,2.328,2.278,2.367,2.334,2.293,2.543,2.368,2.274,2.233
2006-01-16 00:00:00,2.417,2.25,2.381,2.351,2.202,2.566,2.243,2.261,2.263
2006-01-23 00:00:00,2.424,2.24,2.4,2.369,2.199,2.593,2.267,2.273,2.302
2006-01-30 00:00:00,2.513,2.253,2.393,2.369,2.208,2.586,2.362,2.259,2.32
2006-02-06 00:00:00,2.544,2.242,2.384,2.34,2.2,2.56,2.25,2.245,2.326
2006-02-13 00:00:00,2.522,2.216,2.341,2.288,2.122,2.515,2.117,2.189,2.298
2006-02-20 00:00:00,2.473,2.185,2.281,2.216,2.159,2.44,2.109,2.137,2.256
2006-02-27 00:00:00,2.439,2.222,2.261,2.174,2.212,2.407,2.284,2.124,2.247
2006-03-06 00:00:00,2.48,2.287,2.311,2.212,2.396,2.437,2.421,2.222,2.304
2006-03-13 00:00:00,2.532,2.327,2.379,2.248,2.36,2.446,2.399,2.283,2.388
2006-03-20 00:00:00,2.635,2.48,2.571,2.398,2.453,2.596,2.524,2.463,2.49
2006-03-27 00:00:00,2.669,2.469,2.571,2.412,2.455,2.614,2.468,2.442,2.555
2006-04-03 00:00:00,2.743,2.517,2.633,2.517,2.567,2.716,2.572,2.566,2.564
2006-04-10 00:00:00,2.811,2.613,2.757,2.604,2.6,2.804,2.65,2.695,2.674
2006-04-17 00:00:00,2.896,2.712,2.847,2.704,2.663,2.921,2.774,2.787,2.755
2006-04-24 00:00:00,3.068,2.825,2.953,2.881,2.839,3.077,2.858,2.886,2.894
2006-05-01 00:00:00,3.202,2.83,2.937,2.9,2.758,3.089,2.806,2.862,3.008
2006-05-08 00:00:00,3.332,2.818,2.893,2.889,2.701,3.086,2.765,2.826,3.091
2006-05-15 00:00:00,3.33,2.82,2.879,3,2.844,3.101,2.88,2.856,3.134
2006-05-22 00:00:00,3.323,2.796,2.842,2.98,2.697,3.086,2.703,2.8,3.157
2006-05-29 00:00:00,3.266,2.782,2.804,2.93,2.724,3.069,2.765,2.747,3.153
2006-06-05 00:00:00,3.269,2.776,2.803,2.974,2.811,3.041,2.829,2.777,3.131
2006-06-12 00:00:00,3.225,2.824,2.844,2.993,2.864,3.045,2.846,2.815,3.109
2006-06-19 00:00:00,3.198,2.81,2.825,2.978,2.746,3.016,2.738,2.782,3.067
2006-06-26 00:00:00,3.163,2.794,2.815,2.952,2.835,2.992,2.791,2.758,3.032
2006-07-03 00:00:00,3.189,2.899,2.872,2.971,2.927,3.056,2.879,2.826,3.031
2006-07-10 00:00:00,3.224,2.924,2.916,3.018,2.969,3.099,2.943,2.851,3.039
2006-07-17 00:00:00,3.24,2.928,2.931,3.018,2.954,3.115,2.975,2.865,3.042
2006-07-24 00:00:00,3.22,2.949,2.959,3.031,2.938,3.133,3.006,2.888,3.041
2006-07-31 00:00:00,3.198,2.977,2.98,3.04,2.98,3.151,2.936,2.897,3.033
2006-08-07 00:00:00,3.192,3.03,3.001,3.042,3.069,3.161,2.995,2.925,3.056
2006-08-14 00:00:00,3.211,3.026,2.986,3.019,2.977,3.161,2.859,2.87,3.081
2006-08-21 00:00:00,3.162,2.995,2.933,2.96,2.915,3.103,2.71,2.8,3.059
2006-08-28 00:00:00,3.098,2.955,2.869,2.885,2.79,3.028,2.577,2.708,3.026
2006-09-04 00:00:00,3.01,2.894,2.796,2.761,2.586,2.939,2.426,2.574,2.971
2006-09-11 00:00:00,2.949,2.835,2.718,2.677,2.378,2.845,2.306,2.458,2.916
2006-09-18 00:00:00,2.848,2.737,2.588,2.548,2.226,2.745,2.207,2.339,2.828
2006-09-25 00:00:00,2.76,2.653,2.445,2.426,2.17,2.615,2.11,2.229,2.746
2006-10-02 00:00:00,2.683,2.547,2.331,2.301,2.17,2.526,2.106,2.16,2.677
2006-10-09 00:00:00,2.601,2.43,2.265,2.222,2.161,2.465,2.105,2.122,2.598
2006-10-16 00:00:00,2.54,2.33,2.228,2.182,2.143,2.414,2.09,2.095,2.549
2006-10-23 00:00:00,2.481,2.251,2.196,2.156,2.143,2.375,2.14,2.072,2.511
2006-10-30 00:00:00,2.434,2.21,2.213,2.155,2.193,2.359,2.196,2.081,2.46
2006-11-06 00:00:00,2.396,2.177,2.198,2.139,2.148,2.336,2.218,2.072,2.436
2006-11-13 00:00:00,2.464,2.158,2.237,2.155,2.189,2.345,2.226,2.092,2.483
2006-11-20 00:00:00,2.495,2.149,2.24,2.172,2.193,2.355,2.239,2.104,2.546
2006-11-27 00:00:00,2.493,2.144,2.248,2.204,2.189,2.387,2.225,2.11,2.553
2006-12-04 00:00:00,2.496,2.175,2.298,2.265,2.214,2.448,2.276,2.166,2.572
2006-12-11 00:00:00,2.504,2.176,2.311,2.269,2.177,2.457,2.183,2.19,2.599
2006-12-18 00:00:00,2.561,2.168,2.315,2.303,2.27,2.497,2.292,2.19,2.627
2006-12-25 00:00:00,2.607,2.176,2.341,2.344,2.223,2.529,2.263,2.205,2.644
2007-01-01 00:00:00,2.61,2.173,2.342,2.336,2.193,2.528,2.308,2.193,2.645
2007-01-08 00:00:00,2.632,2.171,2.327,2.323,2.133,2.502,2.222,2.154,2.649
2007-01-15 00:00:00,2.583,2.144,2.278,2.266,1.997,2.47,2.046,2.096,2.631
2007-01-22 00:00:00,2.538,2.098,2.221,2.2,1.922,2.421,1.98,2.043,2.579
2007-01-29 00:00:00,2.491,2.058,2.18,2.171,2.034,2.385,2.151,2.014,2.511
2007-02-05 00:00:00,2.535,2.088,2.184,2.139,2.055,2.36,2.213,2.04,2.46
2007-02-12 00:00:00,2.632,2.131,2.207,2.16,2.194,2.365,2.318,2.082,2.428
2007-02-19 00:00:00,2.71,2.213,2.26,2.207,2.261,2.4,2.375,2.124,2.469
2007-02-26 00:00:00,2.796,2.308,2.353,2.312,2.378,2.478,2.397,2.223,2.486
2007-03-05 00:00:00,2.897,2.429,2.521,2.446,2.456,2.667,2.47,2.35,2.588
2007-03-12 00:00:00,3.068,2.439,2.556,2.496,2.49,2.712,2.495,2.387,2.716
2007-03-19 00:00:00,3.121,2.519,2.562,2.518,2.461,2.75,2.478,2.398,2.797
2007-03-26 00:00:00,3.152,2.558,2.591,2.547,2.475,2.787,2.543,2.432,2.83
2007-04-02 00:00:00,3.228,2.618,2.672,2.638,2.54,2.88,2.623,2.563,2.934
2007-04-09 00:00:00,3.252,2.716,2.789,2.689,2.685,2.926,2.742,2.671,3.009
2007-04-16 00:00:00,3.305,2.795,2.884,2.745,2.734,2.993,2.8,2.751,3.086
2007-04-23 00:00:00,3.316,2.814,2.885,2.757,2.68,2.997,2.77,2.745,3.13
2007-04-30 00:00:00,3.359,2.938,2.949,2.865,2.836,3.062,2.937,2.844,3.268
2007-05-07 00:00:00,3.461,3.098,2.968,2.938,2.943,3.114,3.144,2.86,3.37
2007-05-14 00:00:00,3.45,3.224,2.968,2.967,3.182,3.134,3.148,2.904,3.42
2007-05-21 00:00:00,3.436,3.312,3.101,3.024,3.321,3.191,3.233,3.066,3.424
2007-05-28 00:00:00,3.407,3.312,3.102,3.043,3.166,3.213,3.335,3.049,3.391
2007-06-04 00:00:00,3.374,3.274,3.071,3.03,3.068,3.203,3.193,2.998,3.336
2007-06-11 00:00:00,3.32,3.217,3.014,3.006,2.935,3.187,2.999,2.947,3.261
2007-06-18 00:00:00,3.236,3.162,2.958,2.954,2.858,3.161,2.903,2.894,3.151
2007-06-25 00:00:00,3.192,3.115,2.92,2.928,2.882,3.133,2.916,2.871,3.108
2007-07-02 00:00:00,3.157,3.086,2.892,2.909,2.935,3.121,2.829,2.841,3.064
2007-07-09 00:00:00,3.136,3.076,2.9,2.904,3.096,3.113,2.949,2.848,3.037
2007-07-16 00:00:00,3.158,3.146,2.966,2.913,3.199,3.115,3.065,2.917,3.025
2007-07-23 00:00:00,3.118,3.067,2.92,2.876,2.96,3.089,2.797,2.864,2.983
2007-07-30 00:00:00,3.06,2.99,2.864,2.86,2.824,3.04,2.614,2.793,2.939
2007-08-06 00:00:00,3.016,2.936,2.811,2.817,2.815,2.995,2.686,2.752,2.914
2007-08-13 00:00:00,2.928,2.867,2.743,2.753,2.771,2.953,2.658,2.683,2.842
2007-08-20 00:00:00,2.862,2.834,2.713,2.711,2.901,2.923,2.833,2.678,2.807
2007-08-27 00:00:00,2.791,2.807,2.688,2.647,2.902,2.878,2.788,2.656,2.789
2007-09-03 00:00:00,2.791,2.87,2.713,2.644,3.064,2.861,2.985,2.643,2.816
2007-09-10 00:00:00,2.839,2.896,2.772,2.637,2.992,2.858,2.933,2.683,2.874
2007-09-17 00:00:00,2.904,2.864,2.784,2.63,2.846,2.863,2.775,2.669,2.884
2007-09-24 00:00:00,2.961,2.838,2.832,2.641,2.801,2.892,2.856,2.692,2.949
2007-10-01 00:00:00,2.973,2.811,2.833,2.652,2.743,2.892,2.707,2.688,2.958
2007-10-08 00:00:00,2.996,2.775,2.805,2.64,2.743,2.877,2.744,2.652,2.936
2007-10-15 00:00:00,3.053,2.754,2.785,2.632,2.692,2.873,2.74,2.631,2.958
2007-10-22 00:00:00,3.143,2.809,2.83,2.683,2.749,2.916,2.801,2.693,3.062
2007-10-29 00:00:00,3.159,2.807,2.876,2.754,2.888,2.978,2.924,2.716,3.134
2007-11-05 00:00:00,3.231,2.946,3.011,2.887,2.98,3.104,3.076,2.878,3.199
2007-11-12 00:00:00,3.366,3.057,3.136,2.984,3.071,3.216,3.16,2.965,3.245
2007-11-19 00:00:00,3.395,3.055,3.136,2.994,3.007,3.254,3.06,2.953,3.239
2007-11-26 00:00:00,3.398,3.038,3.133,3.024,2.96,3.263,3.063,2.949,3.239
2007-12-03 00:00:00,3.361,3.004,3.111,3.022,2.885,3.261,3.017,2.925,3.218
2007-12-10 00:00:00,3.329,2.914,3.059,3.018,2.795,3.257,2.897,2.867,3.175
2007-12-17 00:00:00,3.285,2.861,3.037,3,2.856,3.245,2.99,2.843,3.134
2007-12-24 00:00:00,3.261,2.812,3.019,3.001,2.836,3.235,2.931,2.83,3.127
2007-12-31 00:00:00,3.298,2.806,3.085,3.01,2.974,3.251,3.062,2.91,3.167
2008-01-07 00:00:00,3.328,2.865,3.146,3.049,3.017,3.287,3.161,2.963,3.195
2008-01-14 00:00:00,3.29,2.867,3.124,3.043,2.942,3.29,3.011,2.944,3.172
2008-01-21 00:00:00,3.226,2.845,3.069,3.021,2.865,3.258,3.007,2.896,3.109
2008-01-28 00:00:00,3.148,2.836,3.037,2.991,2.838,3.234,2.946,2.87,3.04
2008-02-04 00:00:00,3.107,2.89,3.013,2.965,2.938,3.21,2.987,2.863,3.024
2008-02-11 00:00:00,3.108,2.887,2.985,2.935,2.88,3.198,2.967,2.844,3.05
2008-02-18 00:00:00,3.191,2.917,3.071,2.947,2.962,3.215,3.092,2.924,3.159
2008-02-25 00:00:00,3.328,3.04,3.209,3.051,3.009,3.274,3.049,3.036,3.304
2008-03-03 00:00:00,3.459,3.051,3.228,3.058,3.015,3.289,3.055,3.075,3.42
2008-03-10 00:00:00,3.537,3.062,3.259,3.082,3.05,3.308,3.25,3.119,3.464
2008-03-17 00:00:00,3.604,3.126,3.321,3.116,3.083,3.367,3.321,3.169,3.511
2008-03-24 00:00:00,3.602,3.139,3.307,3.104,3.043,3.369,3.184,3.159,3.481
2008-03-31 00:00:00,3.608,3.195,3.305,3.112,3.144,3.382,3.196,3.205,3.46
2008-04-07 00:00:00,3.685,3.247,3.359,3.136,3.242,3.394,3.229,3.255,3.476
2008-04-14 00:00:00,3.774,3.284,3.395,3.189,3.212,3.451,3.353,3.289,3.553
2008-04-21 00:00:00,3.846,3.412,3.514,3.417,3.413,3.586,3.387,3.412,3.641
2008-04-28 00:00:00,3.892,3.482,3.614,3.527,3.442,3.747,3.525,3.506,3.725
2008-05-05 00:00:00,3.903,3.484,3.616,3.548,3.457,3.785,3.571,3.507,3.731
2008-05-12 00:00:00,3.919,3.612,3.709,3.676,3.605,3.867,3.745,3.616,3.808
2008-05-19 00:00:00,3.952,3.694,3.803,3.772,3.668,3.977,3.855,3.694,3.893
2008-05-26 00:00:00,4.099,3.863,3.931,3.901,3.846,4.095,3.966,3.831,4.032
2008-06-02 00:00:00,4.242,3.885,3.935,3.953,3.852,4.152,3.961,3.847,4.146
2008-06-09 00:00:00,4.433,3.924,3.984,4.001,3.933,4.198,3.985,3.907,4.241
2008-06-16 00:00:00,4.588,3.958,4.019,4.044,3.909,4.259,3.968,3.947,4.325
2008-06-23 00:00:00,4.585,3.952,4.014,4.04,3.885,4.267,4.011,3.925,4.35
2008-06-30 00:00:00,4.573,3.959,4.024,4.047,3.932,4.278,3.999,3.929,4.367
2008-07-07 00:00:00,4.55,3.989,4.057,4.066,3.931,4.281,4.033,3.953,4.37
2008-07-14 00:00:00,4.52,4.03,4.051,4.061,3.955,4.279,4.054,3.966,4.35
2008-07-21 00:00:00,4.46,4.014,4.036,4.049,3.874,4.263,3.897,3.942,4.308
2008-07-28 00:00:00,4.317,3.95,3.966,3.937,3.684,4.168,3.702,3.848,4.231
2008-08-04 00:00:00,4.205,3.891,3.884,3.856,3.616,4.102,3.687,3.76,4.143
2008-08-11 00:00:00,4.118,3.846,3.8,3.767,3.617,4.021,3.655,3.677,4.055
2008-08-18 00:00:00,4.037,3.783,3.723,3.648,3.579,3.892,3.655,3.587,3.972
2008-08-25 00:00:00,3.955,3.731,3.662,3.575,3.649,3.831,3.682,3.494,3.913
2008-09-01 00:00:00,3.905,3.723,3.679,3.549,3.645,3.789,3.584,3.547,3.878
2008-09-08 00:00:00,3.859,3.678,3.665,3.51,3.563,3.766,3.556,3.519,3.825
2008-09-15 00:00:00,3.804,3.71,3.855,3.567,3.738,3.79,3.992,3.705,3.798
2008-09-22 00:00:00,3.725,3.594,3.76,3.53,3.525,3.771,3.841,3.645,3.728
2008-09-29 00:00:00,3.67,3.543,3.706,3.455,3.409,3.698,3.619,3.567,3.681
2008-10-06 00:00:00,3.601,3.439,3.592,3.305,3.171,3.609,3.323,3.382,3.588
2008-10-13 00:00:00,3.47,3.19,3.292,3.046,2.813,3.379,2.904,2.946,3.328
2008-10-20 00:00:00,3.355,2.917,2.953,2.821,2.559,3.181,2.657,2.686,3.089
2008-10-27 00:00:00,3.13,2.642,2.669,2.579,2.313,2.953,2.391,2.397,2.814
2008-11-03 00:00:00,2.783,2.398,2.398,2.368,2.113,2.759,2.087,2.163,2.591
2008-11-10 00:00:00,2.555,2.191,2.226,2.211,2.008,2.587,1.933,2.03,2.416
2008-11-17 00:00:00,2.374,1.996,2.103,2.04,1.886,2.414,1.838,1.911,2.25
2008-11-24 00:00:00,2.112,1.806,1.956,1.889,1.722,2.261,1.684,1.777,2.077
2008-12-01 00:00:00,1.955,1.717,1.86,1.801,1.736,2.136,1.72,1.713,1.97
2008-12-08 00:00:00,1.805,1.644,1.749,1.708,1.625,2.033,1.593,1.623,1.85
2008-12-15 00:00:00,1.738,1.596,1.68,1.649,1.688,1.906,1.677,1.544,1.784
2008-12-22 00:00:00,1.806,1.571,1.684,1.633,1.638,1.866,1.608,1.544,1.784
2008-12-29 00:00:00,1.81,1.535,1.647,1.601,1.575,1.81,1.551,1.487,1.788
2009-01-05 00:00:00,1.874,1.493,1.679,1.622,1.696,1.789,1.822,1.534,1.845
2009-01-12 00:00:00,1.988,1.547,1.814,1.691,1.81,1.882,1.906,1.62,1.941
2009-01-19 00:00:00,2.064,1.628,1.879,1.749,1.858,1.918,1.916,1.709,1.996
2009-01-26 00:00:00,2.095,1.689,1.879,1.767,1.808,1.928,1.822,1.712,2.002
2009-02-02 00:00:00,2.113,1.772,1.921,1.827,1.871,2.007,1.844,1.784,2.032
2009-02-09 00:00:00,2.215,1.831,1.959,1.858,1.922,2.048,1.806,1.811,2.141
2009-02-16 00:00:00,2.291,1.861,2.004,1.887,1.935,2.088,1.907,1.813,2.196
2009-02-23 00:00:00,2.261,1.826,1.953,1.855,1.845,2.07,1.792,1.757,2.177
2009-03-02 00:00:00,2.189,1.794,1.956,1.878,1.897,2.054,1.861,1.798,2.16
2009-03-09 00:00:00,2.196,1.826,1.964,1.859,1.887,2.058,1.96,1.794,2.151
2009-03-16 00:00:00,2.162,1.821,1.952,1.858,1.863,2.048,1.826,1.788,2.134
2009-03-23 00:00:00,2.154,1.886,1.982,1.885,1.946,2.073,1.958,1.864,2.167
2009-03-30 00:00:00,2.248,1.98,2.063,1.954,2.005,2.135,2.036,1.962,2.248
2009-04-06 00:00:00,2.308,1.994,2.076,1.951,1.988,2.14,1.966,1.956,2.293
2009-04-13 00:00:00,2.336,2.005,2.091,1.959,1.995,2.154,1.999,1.964,2.321
2009-04-20 00:00:00,2.34,2.024,2.094,2,2.009,2.172,1.977,1.967,2.33
2009-04-27 00:00:00,2.34,2.041,2.074,2.006,1.984,2.183,1.965,1.945,2.341
2009-05-04 00:00:00,2.355,2.063,2.065,2.04,2.028,2.207,2.07,1.955,2.362
2009-05-11 00:00:00,2.424,2.196,2.232,2.203,2.223,2.345,2.317,2.133,2.476
2009-05-18 00:00:00,2.524,2.253,2.31,2.253,2.282,2.439,2.324,2.206,2.53
2009-05-25 00:00:00,2.637,2.383,2.388,2.352,2.465,2.554,2.553,2.315,2.618
2009-06-01 00:00:00,2.756,2.437,2.459,2.459,2.569,2.611,2.627,2.383,2.695
2009-06-08 00:00:00,2.891,2.509,2.564,2.51,2.615,2.707,2.81,2.467,2.771
2009-06-15 00:00:00,2.979,2.537,2.645,2.589,2.601,2.77,2.715,2.518,2.86
2009-06-22 00:00:00,3.005,2.546,2.688,2.633,2.582,2.825,2.637,2.543,2.895
2009-06-29 00:00:00,2.984,2.531,2.668,2.617,2.485,2.817,2.553,2.5,2.857
2009-07-06 00:00:00,2.952,2.513,2.634,2.605,2.441,2.803,2.574,2.438,2.843
2009-07-13 00:00:00,2.88,2.472,2.559,2.515,2.352,2.761,2.425,2.36,2.774
2009-07-20 00:00:00,2.829,2.435,2.484,2.448,2.315,2.708,2.308,2.302,2.713
2009-07-27 00:00:00,2.829,2.435,2.465,2.46,2.463,2.685,2.477,2.366,2.728
2009-08-03 00:00:00,2.896,2.459,2.508,2.516,2.493,2.724,2.489,2.432,2.776
2009-08-10 00:00:00,3.04,2.537,2.578,2.59,2.565,2.786,2.601,2.528,2.873
2009-08-17 00:00:00,3.047,2.54,2.608,2.609,2.537,2.815,2.498,2.524,2.88
2009-08-24 00:00:00,3.031,2.527,2.587,2.605,2.494,2.811,2.532,2.5,2.88
2009-08-31 00:00:00,3.037,2.511,2.571,2.615,2.495,2.814,2.509,2.463,2.915
2009-09-07 00:00:00,3.099,2.48,2.527,2.597,2.452,2.811,2.411,2.404,2.947
2009-09-14 00:00:00,3.153,2.458,2.489,2.582,2.425,2.796,2.47,2.38,2.96
2009-09-21 00:00:00,3.14,2.431,2.446,2.547,2.443,2.773,2.471,2.353,2.959
2009-09-28 00:00:00,3.098,2.401,2.412,2.498,2.38,2.731,2.358,2.301,2.915
2009-10-05 00:00:00,3.069,2.36,2.381,2.47,2.355,2.688,2.35,2.288,2.845
2009-10-12 00:00:00,3.015,2.354,2.417,2.426,2.428,2.668,2.466,2.315,2.783
2009-10-19 00:00:00,2.988,2.441,2.546,2.477,2.541,2.734,2.543,2.428,2.751
2009-10-26 00:00:00,2.985,2.56,2.697,2.598,2.626,2.805,2.626,2.538,2.803
2009-11-02 00:00:00,2.987,2.593,2.721,2.635,2.668,2.845,2.655,2.553,2.838
2009-11-09 00:00:00,2.981,2.576,2.693,2.63,2.628,2.855,2.553,2.513,2.841
2009-11-16 00:00:00,2.961,2.547,2.668,2.618,2.583,2.844,2.451,2.482,2.843
2009-11-23 00:00:00,2.94,2.528,2.657,2.602,2.581,2.846,2.589,2.495,2.85
2009-11-30 00:00:00,2.921,2.51,2.653,2.599,2.545,2.838,2.574,2.479,2.836
2009-12-07 00:00:00,2.912,2.504,2.672,2.605,2.517,2.847,2.557,2.498,2.827
2009-12-14 00:00:00,2.903,2.484,2.625,2.587,2.485,2.829,2.479,2.46,2.81
2009-12-21 00:00:00,2.912,2.451,2.617,2.567,2.494,2.813,2.572,2.433,2.77
2009-12-28 00:00:00,2.933,2.454,2.619,2.588,2.553,2.821,2.637,2.458,2.77
2010-01-04 00:00:00,2.987,2.475,2.676,2.626,2.635,2.846,2.654,2.509,2.812
2010-01-11 00:00:00,3.046,2.554,2.761,2.703,2.726,2.904,2.756,2.597,2.889
2010-01-18 00:00:00,3.026,2.576,2.786,2.721,2.715,2.917,2.642,2.599,2.889
2010-01-25 00:00:00,3.008,2.561,2.746,2.698,2.669,2.909,2.546,2.564,2.868
2010-02-01 00:00:00,2.975,2.535,2.708,2.673,2.609,2.892,2.476,2.518,2.843
2010-02-08 00:00:00,2.961,2.527,2.674,2.662,2.605,2.877,2.561,2.492,2.82
2010-02-15 00:00:00,2.926,2.505,2.643,2.633,2.558,2.844,2.438,2.458,2.788
2010-02-22 00:00:00,2.918,2.542,2.688,2.632,2.635,2.843,2.597,2.506,2.843
2010-03-01 00:00:00,2.999,2.576,2.743,2.639,2.697,2.856,2.585,2.569,2.893
2010-03-08 00:00:00,3.046,2.64,2.786,2.686,2.764,2.877,2.663,2.613,2.933
2010-03-15 00:00:00,3.061,2.646,2.829,2.702,2.823,2.901,2.718,2.667,2.96
2010-03-22 00:00:00,3.091,2.673,2.833,2.702,2.779,2.905,2.769,2.677,2.982
2010-03-29 00:00:00,3.087,2.681,2.807,2.701,2.735,2.899,2.67,2.664,2.991
2010-04-05 00:00:00,3.088,2.706,2.815,2.722,2.791,2.935,2.734,2.715,2.996
2010-04-12 00:00:00,3.096,2.721,2.858,2.762,2.787,2.951,2.807,2.754,3.043
2010-04-19 00:00:00,3.09,2.731,2.856,2.769,2.816,2.963,2.826,2.742,3.065
2010-04-26 00:00:00,3.088,2.721,2.835,2.819,2.794,2.985,2.734,2.725,3.074
2010-05-03 00:00:00,3.118,2.727,2.874,2.87,2.865,3.036,2.843,2.782,3.077
2010-05-10 00:00:00,3.139,2.744,2.89,2.865,2.867,3.05,2.805,2.8,3.083
2010-05-17 00:00:00,3.118,2.731,2.847,2.852,2.773,3.033,2.703,2.771,3.054
2010-05-24 00:00:00,3.049,2.691,2.777,2.799,2.666,2.978,2.576,2.703,3
2010-05-31 00:00:00,3.024,2.655,2.692,2.749,2.583,2.936,2.507,2.651,2.957
2010-06-07 00:00:00,3.068,2.64,2.648,2.719,2.635,2.902,2.617,2.613,2.96
2010-06-14 00:00:00,3.053,2.63,2.614,2.691,2.602,2.871,2.635,2.581,2.956
2010-06-21 00:00:00,3.1,2.671,2.66,2.69,2.736,2.889,2.695,2.599,2.973
2010-06-28 00:00:00,3.126,2.684,2.672,2.695,2.719,2.893,2.746,2.617,2.986
2010-07-05 00:00:00,3.117,2.667,2.645,2.684,2.686,2.873,2.662,2.586,2.989
2010-07-12 00:00:00,3.113,2.654,2.623,2.682,2.649,2.868,2.678,2.567,2.98
2010-07-19 00:00:00,3.13,2.646,2.612,2.668,2.676,2.853,2.704,2.552,3.025
2010-07-26 00:00:00,3.134,2.646,2.652,2.675,2.729,2.865,2.764,2.583,3.07
2010-08-02 00:00:00,3.129,2.645,2.659,2.675,2.687,2.876,2.664,2.571,3.094
2010-08-09 00:00:00,3.172,2.678,2.716,2.683,2.752,2.861,2.741,2.636,3.13
2010-08-16 00:00:00,3.165,2.686,2.684,2.673,2.681,2.847,2.623,2.609,3.128
2010-08-23 00:00:00,3.14,2.685,2.636,2.65,2.626,2.82,2.543,2.563,3.109
2010-08-30 00:00:00,3.092,2.727,2.607,2.618,2.661,2.791,2.628,2.521,3.06
2010-09-06 00:00:00,3.041,2.735,2.59,2.593,2.709,2.766,2.706,2.507,3.015
2010-09-13 00:00:00,3.026,2.755,2.634,2.59,2.796,2.776,2.826,2.526,3.002
2010-09-20 00:00:00,3.005,2.748,2.686,2.588,2.766,2.762,2.705,2.567,2.999
2010-09-27 00:00:00,2.996,2.714,2.658,2.592,2.726,2.766,2.592,2.546,2.988
2010-10-04 00:00:00,3.013,2.7,2.676,2.647,2.8,2.835,2.715,2.577,2.991
2010-10-11 00:00:00,3.089,2.717,2.776,2.754,2.883,2.938,2.874,2.663,3.038
2010-10-18 00:00:00,3.147,2.717,2.8,2.801,2.858,2.989,2.781,2.67,3.08
2010-10-25 00:00:00,3.143,2.702,2.78,2.829,2.837,2.993,2.763,2.66,3.09
2010-11-01 00:00:00,3.145,2.683,2.758,2.835,2.775,2.987,2.79,2.634,3.076
2010-11-08 00:00:00,3.141,2.693,2.804,2.845,2.835,3.004,2.979,2.673,3.077
2010-11-15 00:00:00,3.175,2.713,2.845,2.911,2.818,3.079,2.88,2.716,3.119
2010-11-22 00:00:00,3.171,2.697,2.845,2.953,2.815,3.127,2.836,2.679,3.13
2010-11-29 00:00:00,3.152,2.667,2.832,2.946,2.79,3.142,2.802,2.652,3.111
2010-12-06 00:00:00,3.216,2.683,2.93,3.008,2.982,3.196,2.961,2.789,3.155
2010-12-13 00:00:00,3.25,2.733,2.97,3.012,2.928,3.243,2.927,2.815,3.177
2010-12-20 00:00:00,3.247,2.736,2.966,3.025,2.914,3.252,2.915,2.832,3.185
2010-12-27 00:00:00,3.287,2.784,3.068,3.055,3.023,3.278,3.098,2.889,3.199
2011-01-03 00:00:00,3.308,2.838,3.069,3.082,3.031,3.293,3.096,2.921,3.21
2011-01-10 00:00:00,3.332,2.866,3.087,3.11,3.091,3.308,3.111,2.929,3.227
2011-01-17 00:00:00,3.349,2.928,3.114,3.113,3.096,3.33,3.104,2.961,3.27
2011-01-24 00:00:00,3.357,2.964,3.111,3.124,3.165,3.341,3.061,2.956,3.274
2011-01-31 00:00:00,3.364,2.967,3.079,3.126,3.143,3.339,3.108,2.933,3.272
2011-02-07 00:00:00,3.397,2.992,3.098,3.138,3.136,3.357,3.13,2.967,3.283
2011-02-14 00:00:00,3.447,3.006,3.112,3.141,3.163,3.361,2.999,2.989,3.311
2011-02-21 00:00:00,3.555,3.056,3.134,3.153,3.165,3.392,3.073,3.01,3.386
2011-02-28 00:00:00,3.719,3.189,3.383,3.301,3.426,3.547,3.376,3.234,3.476
2011-03-07 00:00:00,3.874,3.327,3.531,3.462,3.577,3.692,3.455,3.404,3.614
2011-03-14 00:00:00,3.954,3.362,3.546,3.485,3.543,3.737,3.545,3.433,3.673
2011-03-21 00:00:00,3.966,3.369,3.531,3.481,3.476,3.731,3.515,3.417,3.694
2011-03-28 00:00:00,4.028,3.417,3.566,3.49,3.487,3.755,3.539,3.468,3.778
2011-04-04 00:00:00,4.057,3.488,3.644,3.562,3.598,3.838,3.759,3.567,3.824
2011-04-11 00:00:00,4.161,3.566,3.761,3.66,3.825,3.921,3.808,3.688,3.885
2011-04-18 00:00:00,4.205,3.591,3.806,3.767,3.801,4.002,3.827,3.751,3.943
2011-04-25 00:00:00,4.217,3.619,3.797,3.849,3.884,4.056,3.898,3.755,3.976
2011-05-02 00:00:00,4.257,3.69,3.868,3.94,3.939,4.13,4.112,3.85,4.026
2011-05-09 00:00:00,4.254,3.723,3.905,3.957,3.899,4.149,3.984,3.844,4.063
2011-05-16 00:00:00,4.218,3.783,3.888,3.965,3.941,4.137,3.952,3.85,4.057
2011-05-23 00:00:00,4.121,3.749,3.789,3.911,3.801,4.065,3.717,3.727,3.984
2011-05-30 00:00:00,4.056,3.718,3.708,3.839,3.712,3.999,3.789,3.642,3.954
2011-06-06 00:00:00,3.994,3.69,3.655,3.795,3.72,3.952,3.87,3.589,3.923
2011-06-13 00:00:00,3.94,3.652,3.601,3.743,3.65,3.914,3.631,3.579,3.898
2011-06-20 00:00:00,3.9,3.615,3.566,3.72,3.641,3.887,3.468,3.534,3.881
2011-06-27 00:00:00,3.839,3.552,3.505,3.704,3.518,3.839,3.318,3.466,3.84
2011-07-04 00:00:00,3.794,3.494,3.47,3.665,3.565,3.807,3.597,3.421,3.796
2011-07-11 00:00:00,3.778,3.487,3.587,3.705,3.724,3.839,3.566,3.516,3.789
2011-07-18 00:00:00,3.8,3.5,3.636,3.759,3.712,3.9,3.598,3.594,3.804
2011-07-25 00:00:00,3.818,3.503,3.663,3.77,3.757,3.934,3.631,3.625,3.815
2011-08-01 00:00:00,3.811,3.51,3.69,3.764,3.784,3.952,3.656,3.626,3.821
2011-08-08 00:00:00,3.798,3.496,3.647,3.755,3.699,3.924,3.585,3.582,3.821
2011-08-15 00:00:00,3.734,3.453,3.577,3.704,3.569,3.87,3.538,3.495,3.787
2011-08-22 00:00:00,3.734,3.44,3.535,3.67,3.605,3.829,3.502,3.465,3.77
2011-08-29 00:00:00,3.809,3.466,3.539,3.64,3.768,3.801,3.651,3.474,3.81
2011-09-05 00:00:00,3.944,3.522,3.584,3.668,3.815,3.858,3.682,3.49,3.886
2011-09-12 00:00:00,3.944,3.551,3.559,3.667,3.771,3.861,3.623,3.468,3.9
2011-09-19 00:00:00,3.923,3.535,3.511,3.613,3.645,3.822,3.457,3.408,3.896
2011-09-26 00:00:00,3.887,3.493,3.428,3.548,3.518,3.779,3.298,3.296,3.88
2011-10-03 00:00:00,3.835,3.452,3.361,3.485,3.411,3.698,3.17,3.228,3.822
2011-10-10 00:00:00,3.815,3.446,3.322,3.427,3.457,3.665,3.251,3.215,3.796
2011-10-17 00:00:00,3.864,3.504,3.393,3.465,3.518,3.688,3.363,3.295,3.828
2011-10-24 00:00:00,3.858,3.505,3.419,3.448,3.473,3.685,3.231,3.314,3.837
2011-10-31 00:00:00,3.846,3.481,3.397,3.425,3.489,3.666,3.384,3.274,3.815
2011-11-07 00:00:00,3.855,3.459,3.359,3.408,3.416,3.645,3.258,3.238,3.787
2011-11-14 00:00:00,3.84,3.433,3.392,3.411,3.357,3.641,3.364,3.249,3.769
2011-11-21 00:00:00,3.786,3.379,3.35,3.379,3.271,3.614,3.193,3.178,3.709
2011-11-28 00:00:00,3.718,3.332,3.291,3.35,3.162,3.586,3.096,3.111,3.641
2011-12-05 00:00:00,3.655,3.285,3.26,3.317,3.204,3.55,3.204,3.097,3.594
2011-12-12 00:00:00,3.611,3.221,3.28,3.279,3.176,3.529,3.275,3.098,3.556
2011-12-19 00:00:00,3.556,3.127,3.24,3.251,3.181,3.504,3.109,3.053,3.453
2011-12-26 00:00:00,3.576,3.073,3.239,3.252,3.203,3.486,3.321,3.07,3.452
2012-01-02 00:00:00,3.635,3.049,3.303,3.291,3.199,3.509,3.372,3.1,3.445
2012-01-09 00:00:00,3.707,3.032,3.412,3.386,3.264,3.592,3.395,3.202,3.485
2012-01-16 00:00:00,3.7,3.009,3.406,3.394,3.242,3.633,3.449,3.208,3.49
2012-01-23 00:00:00,3.714,2.993,3.422,3.417,3.283,3.665,3.283,3.232,3.497
2012-01-30 00:00:00,3.741,2.986,3.523,3.488,3.306,3.724,3.408,3.3,3.523
2012-02-06 00:00:00,3.758,3.057,3.54,3.512,3.341,3.759,3.445,3.351,3.535
2012-02-13 00:00:00,3.835,3.067,3.642,3.548,3.417,3.811,3.313,3.453,3.543
2012-02-20 00:00:00,4.035,3.083,3.662,3.604,3.45,3.852,3.48,3.497,3.681
2012-02-27 00:00:00,4.292,3.146,3.747,3.68,3.538,3.917,3.66,3.572,3.898
2012-03-05 00:00:00,4.358,3.242,3.782,3.723,3.608,3.956,3.737,3.61,3.953
2012-03-12 00:00:00,4.376,3.44,3.779,3.72,3.665,3.952,3.866,3.676,3.979
2012-03-19 00:00:00,4.375,3.619,3.817,3.737,3.689,3.984,3.777,3.726,4.019
2012-03-26 00:00:00,4.359,3.705,3.899,3.757,3.703,4.032,3.906,3.785,4.092
2012-04-02 00:00:00,4.322,3.809,3.919,3.793,3.748,4.075,3.809,3.831,4.166
2012-04-09 00:00:00,4.28,3.857,3.953,3.875,3.777,4.121,3.763,3.829,4.168
2012-04-16 00:00:00,4.235,3.891,3.921,3.905,3.729,4.103,3.806,3.817,4.154
2012-04-23 00:00:00,4.203,3.882,3.856,3.874,3.677,4.093,3.67,3.754,4.124
2012-04-30 00:00:00,4.186,3.857,3.774,3.85,3.655,4.046,3.763,3.69,4.098
2012-05-07 00:00:00,4.213,3.824,3.689,3.797,3.65,3.971,3.751,3.628,4.099
2012-05-14 00:00:00,4.367,3.792,3.604,3.742,3.614,3.942,3.618,3.568,4.207
2012-05-21 00:00:00,4.336,3.759,3.529,3.695,3.572,3.888,3.655,3.5,4.256
2012-05-28 00:00:00,4.312,3.718,3.451,3.655,3.566,3.829,3.658,3.44,4.299
2012-06-04 00:00:00,4.26,3.695,3.403,3.6,3.506,3.785,3.545,3.391,4.287
2012-06-11 00:00:00,4.164,3.676,3.34,3.535,3.483,3.7,3.593,3.333,4.181
2012-06-18 00:00:00,4.029,3.69,3.301,3.474,3.644,3.639,3.641,3.285,4.007
2012-06-25 00:00:00,3.887,3.647,3.244,3.417,3.565,3.58,3.399,3.226,3.781
2012-07-02 00:00:00,3.773,3.601,3.17,3.382,3.425,3.558,3.242,3.166,3.658
2012-07-09 00:00:00,3.733,3.568,3.266,3.415,3.488,3.601,3.523,3.195,3.599
2012-07-16 00:00:00,3.753,3.539,3.279,3.479,3.496,3.644,3.353,3.252,3.604
2012-07-23 00:00:00,3.808,3.524,3.391,3.566,3.601,3.735,3.448,3.346,3.675
2012-07-30 00:00:00,3.802,3.483,3.407,3.566,3.57,3.731,3.472,3.355,3.662
2012-08-06 00:00:00,3.868,3.464,3.524,3.648,3.697,3.779,3.862,3.434,3.702
2012-08-13 00:00:00,4.096,3.5,3.612,3.71,3.756,3.879,3.736,3.512,3.872
2012-08-20 00:00:00,4.129,3.512,3.634,3.738,3.685,3.91,3.747,3.56,3.991
2012-08-27 00:00:00,4.158,3.511,3.722,3.742,3.702,3.939,3.76,3.579,4.027
2012-09-03 00:00:00,4.176,3.552,3.76,3.776,3.761,3.987,3.846,3.67,4.05
2012-09-10 00:00:00,4.178,3.615,3.758,3.848,3.828,4.001,3.76,3.657,4.065
2012-09-17 00:00:00,4.155,3.72,3.778,3.905,3.937,4.118,3.862,3.66,4.046
2012-09-24 00:00:00,4.151,3.743,3.728,3.882,3.862,4.067,3.704,3.603,4.029
2012-10-01 00:00:00,4.176,3.733,3.676,3.892,3.846,4.059,3.718,3.554,4.049
2012-10-08 00:00:00,4.659,3.713,3.648,3.901,3.796,4.101,3.766,3.538,4.111
2012-10-15 00:00:00,4.623,3.703,3.704,3.863,3.701,4.064,3.61,3.53,4.102
2012-10-22 00:00:00,4.432,3.639,3.609,3.789,3.517,3.973,3.341,3.443,3.951
2012-10-29 00:00:00,4.169,3.559,3.486,3.7,3.303,3.871,3.412,3.323,3.815
2012-11-05 00:00:00,3.996,3.5,3.398,3.68,3.244,3.848,3.305,3.252,3.673
2012-11-12 00:00:00,3.858,3.433,3.334,3.626,3.281,3.844,3.401,3.19,3.599
2012-11-19 00:00:00,3.783,3.405,3.297,3.591,3.231,3.885,3.426,3.147,3.523
2012-11-26 00:00:00,3.747,3.391,3.367,3.579,3.271,3.87,3.529,3.144,3.491
2012-12-03 00:00:00,3.696,3.327,3.34,3.534,3.275,3.822,3.333,3.134,3.466
2012-12-10 00:00:00,3.619,3.258,3.302,3.494,3.217,3.771,3.337,3.102,3.422
2012-12-17 00:00:00,3.525,3.173,3.231,3.416,3.047,3.72,3.112,3.034,3.368
2012-12-24 00:00:00,3.506,3.061,3.241,3.386,3.086,3.69,3.22,3.04,3.368
2012-12-31 00:00:00,3.554,2.987,3.351,3.402,3.075,3.7,3.319,3.094,3.391
2013-01-07 00:00:00,3.605,2.911,3.379,3.43,2.98,3.707,3.162,3.179,3.409
2013-01-14 00:00:00,3.615,2.843,3.438,3.432,2.958,3.702,3.241,3.175,3.379
2013-01-21 00:00:00,3.63,2.826,3.396,3.408,3.157,3.681,3.295,3.164,3.349
2013-01-28 00:00:00,3.676,2.951,3.396,3.446,3.278,3.71,3.384,3.181,3.363
2013-02-04 00:00:00,3.904,3.169,3.557,3.589,3.481,3.855,3.497,3.354,3.481
2013-02-11 00:00:00,4.044,3.346,3.632,3.658,3.586,3.921,3.546,3.412,3.57
2013-02-18 00:00:00,4.154,3.512,3.769,3.722,3.762,3.96,3.807,3.533,3.648
2013-02-25 00:00:00,4.211,3.589,3.831,3.741,3.791,3.995,3.646,3.647,3.747
2013-03-04 00:00:00,4.212,3.575,3.777,3.721,3.698,3.958,3.706,3.594,3.797
2013-03-11 00:00:00,4.174,3.557,3.727,3.691,3.614,3.939,3.538,3.558,3.817
2013-03-18 00:00:00,4.12,3.559,3.686,3.657,3.587,3.903,3.651,3.545,3.799
2013-03-25 00:00:00,4.069,3.556,3.641,3.632,3.585,3.888,3.679,3.54,3.748
2013-04-01 00:00:00,4.053,3.584,3.591,3.609,3.555,3.853,3.52,3.517,3.733
2013-04-08 00:00:00,4.033,3.593,3.548,3.569,3.529,3.811,3.506,3.463,3.738
2013-04-15 00:00:00,3.992,3.553,3.486,3.524,3.485,3.771,3.339,3.382,3.714
2013-04-22 00:00:00,3.934,3.519,3.426,3.46,3.414,3.704,3.657,3.348,3.665
2013-04-29 00:00:00,3.905,3.524,3.4,3.431,3.509,3.675,3.525,3.316,3.642
2013-05-06 00:00:00,3.911,3.56,3.394,3.436,3.601,3.664,3.68,3.324,3.718
2013-05-13 00:00:00,4.04,3.654,3.452,3.463,3.857,3.696,3.548,3.386,3.939
2013-05-20 00:00:00,4.048,3.832,3.442,3.492,4.292,3.702,3.843,3.428,4.009
2013-05-27 00:00:00,4.022,3.82,3.442,3.511,4.022,3.72,3.676,3.397,3.962
2013-06-03 00:00:00,3.977,3.776,3.418,3.503,3.841,3.703,3.862,3.37,3.873
2013-06-10 00:00:00,3.969,3.746,3.426,3.517,3.734,3.702,3.916,3.358,3.827
2013-06-17 00:00:00,3.989,3.685,3.494,3.522,3.631,3.705,3.728,3.408,3.801
2013-06-24 00:00:00,4.075,3.639,3.476,3.518,3.51,3.707,3.451,3.425,3.798
2013-07-01 00:00:00,4.002,3.585,3.419,3.495,3.385,3.681,3.234,3.353,3.766
2013-07-08 00:00:00,3.985,3.532,3.4,3.487,3.349,3.694,3.364,3.331,3.772
2013-07-15 00:00:00,4.015,3.534,3.533,3.644,3.563,3.831,3.649,3.483,3.878
2013-07-22 00:00:00,4.036,3.529,3.583,3.716,3.661,3.863,3.529,3.55,3.929
2013-07-29 00:00:00,4.002,3.532,3.577,3.719,3.604,3.924,3.407,3.524,3.915
2013-08-05 00:00:00,3.95,3.518,3.551,3.71,3.578,3.898,3.559,3.486,3.887
2013-08-12 00:00:00,3.901,3.531,3.495,3.689,3.511,3.851,3.397,3.431,3.842
2013-08-19 00:00:00,3.83,3.509,3.472,3.675,3.507,3.815,3.48,3.409,3.772
2013-08-26 00:00:00,3.802,3.503,3.476,3.661,3.496,3.805,3.538,3.422,3.73
2013-09-02 00:00:00,3.822,3.539,3.554,3.684,3.639,3.838,3.622,3.428,3.716
2013-09-09 00:00:00,3.899,3.564,3.525,3.679,3.587,3.836,3.496,3.391,3.72
2013-09-16 00:00:00,4.051,3.543,3.444,3.635,3.514,3.812,3.381,3.311,3.747
2013-09-23 00:00:00,4.005,3.518,3.373,3.594,3.379,3.755,3.493,3.239,3.739
2013-09-30 00:00:00,3.932,3.469,3.311,3.55,3.316,3.682,3.327,3.18,3.666
2013-10-07 00:00:00,3.85,3.414,3.269,3.509,3.269,3.638,3.206,3.128,3.612
2013-10-14 00:00:00,3.791,3.376,3.251,3.453,3.287,3.6,3.299,3.097,3.539
2013-10-21 00:00:00,3.766,3.339,3.317,3.407,3.282,3.584,3.362,3.132,3.486
2013-10-28 00:00:00,3.718,3.283,3.249,3.368,3.184,3.554,3.201,3.064,3.428
2013-11-04 00:00:00,3.665,3.236,3.211,3.348,3.154,3.528,3.244,3.018,3.383
2013-11-11 00:00:00,3.603,3.177,3.171,3.309,3.044,3.5,3.067,2.959,3.333
2013-11-18 00:00:00,3.56,3.153,3.233,3.311,3.043,3.52,3.166,2.989,3.296
2013-11-25 00:00:00,3.547,3.127,3.423,3.377,3.073,3.573,3.243,3.146,3.289
2013-12-02 00:00:00,3.576,3.096,3.457,3.409,3.065,3.606,3.131,3.125,3.28
2013-12-09 00:00:00,3.58,3.05,3.42,3.423,3.018,3.618,3.247,3.108,3.299
2013-12-16 00:00:00,3.574,3.015,3.376,3.445,2.953,3.635,3.109,3.048,3.297
2013-12-23 00:00:00,3.594,3.035,3.369,3.458,3.065,3.649,3.264,3.074,3.309
2013-12-30 00:00:00,3.647,3.126,3.381,3.487,3.163,3.679,3.404,3.134,3.322
2014-01-06 00:00:00,3.667,3.166,3.417,3.496,3.23,3.69,3.276,3.136,3.35
2014-01-13 00:00:00,3.635,3.188,3.382,3.469,3.203,3.644,3.393,3.12,3.34
2014-01-20 00:00:00,3.589,3.189,3.352,3.426,3.209,3.614,3.222,3.106,3.299
2014-01-27 00:00:00,3.582,3.177,3.331,3.393,3.23,3.596,3.253,3.093,3.289
2014-02-03 00:00:00,3.59,3.168,3.305,3.371,3.194,3.588,3.314,3.079,3.291
2014-02-10 00:00:00,3.626,3.192,3.289,3.371,3.23,3.568,3.437,3.087,3.305
2014-02-17 00:00:00,3.697,3.339,3.37,3.404,3.328,3.652,3.456,3.195,3.337
2014-02-24 00:00:00,3.795,3.451,3.437,3.464,3.409,3.687,3.562,3.199,3.391
2014-03-03 00:00:00,3.855,3.531,3.421,3.49,3.459,3.706,3.588,3.236,3.456
2014-03-10 00:00:00,3.897,3.588,3.432,3.511,3.525,3.751,3.595,3.271,3.535
2014-03-17 00:00:00,3.958,3.595,3.522,3.524,3.549,3.753,3.662,3.294,3.589
2014-03-24 00:00:00,3.969,3.591,3.528,3.515,3.523,3.747,3.493,3.344,3.618
2014-03-31 00:00:00,3.997,3.577,3.623,3.521,3.473,3.745,3.558,3.367,3.668
2014-04-07 00:00:00,4.028,3.553,3.627,3.525,3.478,3.743,3.614,3.397,3.703
2014-04-14 00:00:00,4.156,3.532,3.663,3.557,3.514,3.753,3.669,3.483,3.745
2014-04-21 00:00:00,4.206,3.52,3.726,3.607,3.515,3.812,3.711,3.502,3.817
2014-04-28 00:00:00,4.254,3.51,3.711,3.681,3.56,3.887,3.757,3.497,3.866
2014-05-05 00:00:00,4.222,3.488,3.676,3.68,3.498,3.886,3.628,3.463,3.853
2014-05-12 00:00:00,4.169,3.462,3.637,3.663,3.474,3.872,3.709,3.434,3.863
2014-05-19 00:00:00,4.159,3.449,3.605,3.658,3.502,3.842,3.699,3.453,3.863
2014-05-26 00:00:00,4.135,3.444,3.582,3.656,3.507,3.84,3.812,3.454,3.881
2014-06-02 00:00:00,4.127,3.447,3.553,3.651,3.504,3.83,3.931,3.464,3.912
2014-06-09 00:00:00,4.106,3.451,3.533,3.652,3.508,3.84,3.808,3.445,3.905
2014-06-16 00:00:00,4.102,3.483,3.518,3.672,3.54,3.84,3.866,3.456,3.933
2014-06-23 00:00:00,4.102,3.564,3.573,3.69,3.583,3.878,3.737,3.521,3.987
2014-06-30 00:00:00,4.132,3.599,3.591,3.7,3.587,3.899,3.622,3.507,4
2014-07-07 00:00:00,4.128,3.599,3.559,3.708,3.543,3.902,3.535,3.486,4.012
2014-07-14 00:00:00,4.09,3.599,3.517,3.687,3.487,3.858,3.456,3.473,3.958
2014-07-21 00:00:00,4.034,3.593,3.462,3.649,3.387,3.828,3.488,3.422,3.915
2014-07-28 00:00:00,3.991,3.589,3.402,3.631,3.385,3.785,3.361,3.375,3.886
2014-08-04 00:00:00,3.948,3.592,3.36,3.574,3.322,3.752,3.466,3.33,3.881
2014-08-11 00:00:00,3.926,3.628,3.322,3.536,3.367,3.706,3.54,3.285,3.868
2014-08-18 00:00:00,3.898,3.648,3.291,3.506,3.329,3.685,3.355,3.286,3.863
2014-08-25 00:00:00,3.876,3.643,3.279,3.465,3.331,3.644,3.416,3.259,3.836
2014-09-01 00:00:00,3.843,3.627,3.333,3.476,3.321,3.629,3.55,3.233,3.834
2014-09-08 00:00:00,3.816,3.614,3.313,3.475,3.317,3.628,3.425,3.248,3.831
2014-09-15 00:00:00,3.786,3.579,3.272,3.468,3.269,3.602,3.289,3.199,3.798
2014-09-22 00:00:00,3.728,3.523,3.237,3.435,3.203,3.548,3.15,3.148,3.726
2014-09-29 00:00:00,3.693,3.462,3.233,3.395,3.209,3.538,3.281,3.194,3.675
2014-10-06 00:00:00,3.666,3.395,3.274,3.359,3.161,3.521,3.139,3.125,3.601
2014-10-13 00:00:00,3.598,3.26,3.197,3.308,3.001,3.485,3.004,3.014,3.489
2014-10-20 00:00:00,3.489,3.148,3.092,3.199,2.95,3.412,3.06,2.915,3.339
2014-10-27 00:00:00,3.39,3.092,2.986,3.125,3.086,3.342,2.902,2.834,3.227
2014-11-03 00:00:00,3.3,3.037,2.917,3.044,3.043,3.291,2.943,2.766,3.136
2014-11-10 00:00:00,3.217,2.999,2.875,2.985,2.905,3.24,2.804,2.716,3.099
2014-11-17 00:00:00,3.151,2.94,2.827,2.939,2.786,3.195,2.846,2.688,3.087
2014-11-24 00:00:00,3.072,2.852,2.772,2.882,2.699,3.149,2.686,2.606,3.064
2014-12-01 00:00:00,3.047,2.777,2.733,2.869,2.657,3.121,2.723,2.537,3.016
2014-12-08 00:00:00,2.979,2.657,2.672,2.788,2.534,3.032,2.565,2.444,2.937
2014-12-15 00:00:00,2.878,2.512,2.562,2.693,2.411,2.911,2.35,2.32,2.811
2014-12-22 00:00:00,2.75,2.32,2.444,2.584,2.286,2.848,2.141,2.163,2.689
2014-12-29 00:00:00,2.68,2.147,2.351,2.496,2.147,2.773,2,2.054,2.595
2015-01-05 00:00:00,2.671,2.05,2.27,2.41,1.995,2.682,1.861,1.975,2.464
2015-01-12 00:00:00,2.594,1.927,2.185,2.312,1.921,2.55,1.975,1.898,2.347
2015-01-19 00:00:00,2.484,1.866,2.079,2.163,1.966,2.452,1.977,1.832,2.238
2015-01-26 00:00:00,2.44,1.867,2.028,2.109,1.944,2.363,1.896,1.849,2.152
2015-02-02 00:00:00,2.441,1.871,2.021,2.088,2.015,2.35,2.035,1.856,2.109
2015-02-09 00:00:00,2.627,2.011,2.148,2.132,2.173,2.404,2.237,1.98,2.179
2015-02-16 00:00:00,2.798,2.07,2.267,2.194,2.179,2.42,2.294,2.073,2.28
2015-02-23 00:00:00,2.959,2.154,2.306,2.246,2.257,2.462,2.36,2.112,2.38
2015-03-02 00:00:00,3.418,2.189,2.414,2.348,2.42,2.543,2.463,2.231,2.659
2015-03-09 00:00:00,3.439,2.228,2.403,2.415,2.477,2.604,2.329,2.237,2.829
2015-03-16 00:00:00,3.356,2.216,2.405,2.401,2.385,2.585,2.179,2.227,2.756
2015-03-23 00:00:00,3.267,2.204,2.379,2.343,2.321,2.545,2.323,2.208,2.731
2015-03-30 00:00:00,3.209,2.206,2.52,2.303,2.3,2.533,2.392,2.202,2.71
2015-04-06 00:00:00,3.147,2.209,2.445,2.305,2.249,2.542,2.225,2.202,2.706
2015-04-13 00:00:00,3.102,2.242,2.421,2.286,2.286,2.523,2.338,2.202,2.703
2015-04-20 00:00:00,3.158,2.337,2.44,2.447,2.335,2.629,2.415,2.258,2.724
2015-04-27 00:00:00,3.433,2.386,2.525,2.521,2.367,2.686,2.53,2.306,2.792
2015-05-04 00:00:00,3.711,2.47,2.528,2.595,2.476,2.748,2.462,2.387,2.921
2015-05-11 00:00:00,3.732,2.526,2.574,2.613,2.494,2.792,2.477,2.443,2.964
2015-05-18 00:00:00,3.807,2.564,2.574,2.63,2.584,2.802,2.622,2.47,2.999
2015-05-25 00:00:00,3.757,2.585,2.619,2.673,2.61,2.828,2.701,2.487,3.029
2015-06-01 00:00:00,3.693,2.592,2.598,2.672,2.571,2.831,2.838,2.481,3.023
2015-06-08 00:00:00,3.591,2.606,2.668,2.699,2.658,2.846,2.702,2.547,3.034
2015-06-15 00:00:00,3.511,2.642,2.683,2.748,2.686,2.907,2.825,2.623,3.089
2015-06-22 00:00:00,3.48,2.644,2.662,2.763,2.697,2.887,2.702,2.589,3.161
2015-06-29 00:00:00,3.45,2.64,2.655,2.754,2.637,2.923,2.819,2.555,3.18
2015-07-06 00:00:00,3.432,2.655,2.63,2.744,2.649,2.929,2.707,2.535,3.169
2015-07-13 00:00:00,3.88,2.683,2.612,2.732,2.645,2.91,2.795,2.55,3.174
2015-07-20 00:00:00,3.897,2.747,2.558,2.703,2.76,2.86,2.604,2.521,3.155
2015-07-27 00:00:00,3.812,2.794,2.513,2.672,2.688,2.831,2.405,2.468,3.153
2015-08-03 00:00:00,3.724,2.777,2.441,2.617,2.589,2.796,2.282,2.426,3.145
2015-08-10 00:00:00,3.565,2.758,2.384,2.575,2.456,2.753,2.428,2.364,3.104
2015-08-17 00:00:00,3.584,2.855,2.362,2.531,2.707,2.718,2.852,2.363,3.038
2015-08-24 00:00:00,3.483,2.828,2.308,2.458,2.636,2.631,2.647,2.304,3.004
2015-08-31 00:00:00,3.342,2.768,2.233,2.36,2.415,2.542,2.348,2.213,2.899
2015-09-07 00:00:00,3.266,2.688,2.195,2.325,2.336,2.509,2.125,2.139,2.826
2015-09-14 00:00:00,3.155,2.619,2.149,2.29,2.256,2.454,2.221,2.085,2.736
2015-09-21 00:00:00,3.072,2.526,2.081,2.256,2.259,2.421,2.295,2.028,2.65
2015-09-28 00:00:00,2.994,2.435,2.075,2.22,2.293,2.385,2.365,2.011,2.577
2015-10-05 00:00:00,2.949,2.371,2.093,2.182,2.352,2.327,2.397,2.033,2.499
2015-10-12 00:00:00,2.914,2.327,2.191,2.159,2.507,2.329,2.49,2.044,2.45
2015-10-19 00:00:00,2.861,2.26,2.137,2.119,2.395,2.315,2.291,2.001,2.415
2015-10-26 00:00:00,2.847,2.189,2.067,2.11,2.301,2.284,2.111,1.945,2.394
2015-11-02 00:00:00,2.817,2.116,2.044,2.099,2.248,2.267,2.356,1.911,2.374
2015-11-09 00:00:00,2.824,2.064,2.104,2.115,2.246,2.308,2.179,1.972,2.47
2015-11-16 00:00:00,2.78,2.002,2.155,2.105,2.146,2.297,1.974,1.919,2.469
2015-11-23 00:00:00,2.716,1.945,2.066,2.099,2.015,2.277,1.803,1.855,2.436
2015-11-30 00:00:00,2.691,1.91,2.028,2.102,1.997,2.273,1.8,1.812,2.413
2015-12-07 00:00:00,2.679,1.877,2.019,2.092,1.962,2.258,1.886,1.818,2.385
2015-12-14 00:00:00,2.654,1.849,1.995,2.049,1.897,2.224,1.925,1.786,2.371
2015-12-21 00:00:00,2.736,1.875,1.988,2.042,1.853,2.215,1.78,1.789,2.391
2015-12-28 00:00:00,2.825,1.856,1.969,2.016,1.826,2.196,1.935,1.764,2.421
2016-01-04 00:00:00,2.875,1.844,1.952,1.994,1.84,2.168,1.869,1.749,2.422
2016-01-11 00:00:00,2.842,1.831,1.925,1.969,1.8,2.138,1.825,1.726,2.365
2016-01-18 00:00:00,2.712,1.782,1.858,1.921,1.712,2.075,1.66,1.671,2.295
2016-01-25 00:00:00,2.643,1.735,1.82,1.893,1.666,2.047,1.538,1.629,2.235
2016-02-01 00:00:00,2.551,1.678,1.779,1.865,1.626,2.006,1.623,1.588,2.139
2016-02-08 00:00:00,2.486,1.63,1.742,1.82,1.52,1.976,1.473,1.564,2.062
2016-02-15 00:00:00,2.378,1.553,1.715,1.77,1.452,1.921,1.545,1.527,2.024
2016-02-22 00:00:00,2.295,1.541,1.712,1.751,1.623,1.917,1.675,1.519,1.997
2016-02-29 00:00:00,2.406,1.648,1.704,1.744,1.805,1.9,1.773,1.548,2
2016-03-07 00:00:00,2.441,1.785,1.835,1.746,1.896,1.91,1.851,1.604,2.06
2016-03-14 00:00:00,2.596,1.9,1.879,1.857,1.99,1.976,1.914,1.741,2.162
2016-03-21 00:00:00,2.681,1.934,2.013,1.879,1.96,2.009,1.912,1.812,2.219
2016-03-28 00:00:00,2.782,1.952,2.041,1.999,1.957,2.102,1.912,1.87,2.243
2016-04-04 00:00:00,2.776,1.946,2.04,2.008,1.902,2.125,1.979,1.885,2.266
2016-04-11 00:00:00,2.75,1.927,2.018,2.023,1.903,2.142,2.035,1.845,2.254
2016-04-18 00:00:00,2.771,2.05,2.018,2.104,2.035,2.221,2.076,1.915,2.297
2016-04-25 00:00:00,2.775,2.065,2.027,2.151,2.01,2.257,2.156,1.915,2.317
2016-05-02 00:00:00,2.809,2.098,2.195,2.214,2.116,2.317,2.3,1.984,2.387
2016-05-09 00:00:00,2.786,2.129,2.17,2.243,2.06,2.332,2.148,1.986,2.464
2016-05-16 00:00:00,2.789,2.133,2.148,2.23,2.153,2.332,2.24,1.982,2.518
2016-05-23 00:00:00,2.804,2.217,2.164,2.278,2.277,2.351,2.367,2.072,2.559
2016-05-30 00:00:00,2.812,2.237,2.199,2.319,2.248,2.388,2.452,2.091,2.581
2016-06-06 00:00:00,2.84,2.242,2.323,2.327,2.3,2.385,2.597,2.148,2.602
2016-06-13 00:00:00,2.864,2.255,2.307,2.333,2.277,2.39,2.692,2.146,2.624
2016-06-20 00:00:00,2.866,2.262,2.256,2.316,2.216,2.386,2.505,2.108,2.617
2016-06-27 00:00:00,2.929,2.246,2.217,2.314,2.22,2.377,2.318,2.117,2.613
2016-07-04 00:00:00,2.91,2.23,2.192,2.301,2.177,2.366,2.152,2.093,2.639
2016-07-11 00:00:00,2.866,2.209,2.158,2.247,2.134,2.346,2.059,2.058,2.639
2016-07-18 00:00:00,2.858,2.186,2.096,2.219,2.093,2.336,2.17,2.021,2.634
2016-07-25 00:00:00,2.792,2.156,2.049,2.187,2.062,2.316,2.027,1.999,2.623
2016-08-01 00:00:00,2.725,2.115,2.014,2.144,2.039,2.296,2.089,1.959,2.587
2016-08-08 00:00:00,2.681,2.076,1.989,2.093,2.079,2.262,2.132,1.944,2.556
2016-08-15 00:00:00,2.643,2.064,2.044,2.065,2.13,2.253,2.07,1.953,2.521
2016-08-22 00:00:00,2.702,2.106,2.082,2.132,2.207,2.26,2.147,1.978,2.519
2016-08-29 00:00:00,2.709,2.186,2.171,2.161,2.264,2.279,2.16,2.013,2.573
2016-09-05 00:00:00,2.706,2.186,2.189,2.158,2.217,2.284,2.143,2.016,2.586
2016-09-12 00:00:00,2.753,2.181,2.156,2.132,2.176,2.259,2.048,1.972,2.622
2016-09-19 00:00:00,2.763,2.158,2.124,2.151,2.153,2.26,2.177,1.944,2.677
2016-09-26 00:00:00,2.764,2.141,2.111,2.154,2.14,2.263,2.045,1.931,2.687
2016-10-03 00:00:00,2.809,2.153,2.115,2.194,2.158,2.278,2.208,1.981,2.682
2016-10-10 00:00:00,2.799,2.16,2.16,2.213,2.173,2.297,2.275,2.01,2.673
2016-10-17 00:00:00,2.805,2.164,2.229,2.204,2.155,2.302,2.14,2.015,2.67
2016-10-24 00:00:00,2.798,2.16,2.215,2.202,2.124,2.332,2.029,2.05,2.698
2016-10-31 00:00:00,2.824,2.155,2.19,2.202,2.088,2.334,2.037,2.043,2.696
2016-11-07 00:00:00,2.809,2.119,2.16,2.201,2.048,2.365,2.095,2.006,2.685
2016-11-14 00:00:00,2.755,2.079,2.111,2.176,1.987,2.338,1.986,1.969,2.646
2016-11-21 00:00:00,2.69,2.032,2.042,2.148,1.945,2.315,2.091,1.907,2.598
2016-11-28 00:00:00,2.672,1.994,2.043,2.147,1.983,2.316,2.083,1.895,2.566
2016-12-05 00:00:00,2.682,2.003,2.164,2.188,2.053,2.334,2.151,1.964,2.533
2016-12-12 00:00:00,2.666,2.037,2.186,2.207,2.04,2.358,2.219,1.988,2.512
2016-12-19 00:00:00,2.67,2.088,2.305,2.232,2.118,2.385,2.32,2.049,2.527
2016-12-26 00:00:00,2.706,2.155,2.291,2.256,2.217,2.433,2.402,2.069,2.571
2017-01-02 00:00:00,2.779,2.229,2.401,2.318,2.279,2.49,2.313,2.147,2.624
2017-01-09 00:00:00,2.804,2.265,2.379,2.327,2.318,2.499,2.388,2.174,2.673
2017-01-16 00:00:00,2.794,2.242,2.34,2.291,2.32,2.478,2.227,2.144,2.707
2017-01-23 00:00:00,2.783,2.216,2.298,2.262,2.307,2.47,2.082,2.116,2.703
2017-01-30 00:00:00,2.791,2.183,2.256,2.239,2.292,2.449,1.971,2.08,2.69
2017-02-06 00:00:00,2.825,2.15,2.228,2.228,2.271,2.424,2.048,2.058,2.684
2017-02-13 00:00:00,2.874,2.144,2.219,2.248,2.265,2.412,2.121,2.083,2.688
2017-02-20 00:00:00,2.898,2.176,2.228,2.244,2.245,2.413,2.037,2.066,2.693
2017-02-27 00:00:00,2.956,2.167,2.218,2.23,2.258,2.389,2.115,2.064,2.726
2017-03-06 00:00:00,3,2.178,2.24,2.209,2.276,2.371,2.219,2.096,2.747
2017-03-13 00:00:00,3.005,2.163,2.217,2.219,2.258,2.372,2.11,2.079,2.805
2017-03-20 00:00:00,3.001,2.151,2.208,2.231,2.232,2.367,2.19,2.065,2.818
2017-03-27 00:00:00,2.998,2.169,2.26,2.233,2.246,2.357,2.108,2.088,2.82
2017-04-03 00:00:00,2.992,2.182,2.266,2.254,2.266,2.377,2.295,2.127,2.84
2017-04-10 00:00:00,3.008,2.266,2.419,2.277,2.305,2.442,2.365,2.201,2.878
2017-04-17 00:00:00,3.017,2.321,2.397,2.335,2.317,2.487,2.297,2.264,2.885
2017-04-24 00:00:00,3.017,2.332,2.455,2.364,2.315,2.489,2.386,2.241,2.899
2017-05-01 00:00:00,3.002,2.32,2.399,2.367,2.29,2.475,2.27,2.206,2.9
2017-05-08 00:00:00,2.986,2.307,2.327,2.356,2.26,2.46,2.149,2.176,2.869
2017-05-15 00:00:00,3.005,2.295,2.277,2.348,2.275,2.445,2.254,2.142,2.863
2017-05-22 00:00:00,3.094,2.296,2.259,2.393,2.298,2.432,2.374,2.169,2.864
2017-05-29 00:00:00,3.127,2.343,2.254,2.417,2.339,2.46,2.262,2.175,2.861
2017-06-05 00:00:00,3.104,2.334,2.363,2.395,2.322,2.454,2.361,2.2,2.857
2017-06-12 00:00:00,3.038,2.311,2.303,2.313,2.28,2.437,2.214,2.17,2.827
2017-06-19 00:00:00,2.996,2.277,2.216,2.288,2.235,2.404,2.102,2.11,2.8
2017-06-26 00:00:00,2.953,2.224,2.143,2.28,2.201,2.383,2.16,2.061,2.779
2017-07-03 00:00:00,2.946,2.19,2.098,2.265,2.18,2.358,2.063,2.011,2.76
2017-07-10 00:00:00,2.949,2.197,2.091,2.251,2.219,2.355,2.255,2.05,2.78
2017-07-17 00:00:00,2.934,2.19,2.076,2.231,2.212,2.351,2.125,2.035,2.786
2017-07-24 00:00:00,2.941,2.231,2.182,2.277,2.244,2.376,2.207,2.09,2.773
2017-07-31 00:00:00,2.981,2.245,2.28,2.327,2.286,2.411,2.31,2.092,2.782
2017-08-07 00:00:00,2.989,2.302,2.252,2.348,2.315,2.446,2.215,2.171,2.803
2017-08-14 00:00:00,3.014,2.298,2.229,2.344,2.306,2.435,2.27,2.155,2.822
2017-08-21 00:00:00,3.028,2.292,2.202,2.331,2.271,2.426,2.181,2.124,2.867
2017-08-28 00:00:00,3.035,2.303,2.305,2.376,2.304,2.434,2.291,2.165,2.938
2017-09-04 00:00:00,3.164,2.555,2.701,2.735,2.512,2.772,2.523,2.561,3.026
2017-09-11 00:00:00,3.186,2.532,2.689,2.745,2.488,2.793,2.447,2.531,3.04
2017-09-18 00:00:00,3.163,2.495,2.673,2.734,2.432,2.753,2.314,2.483,3.035
2017-09-25 00:00:00,3.143,2.471,2.627,2.714,2.421,2.71,2.203,2.441,3.016
2017-10-02 00:00:00,3.111,2.456,2.557,2.682,2.392,2.669,2.345,2.402,2.974
2017-10-09 00:00:00,3.083,2.433,2.468,2.628,2.348,2.613,2.228,2.33,2.928
2017-10-16 00:00:00,3.077,2.418,2.393,2.601,2.361,2.589,2.385,2.264,2.902
2017-10-23 00:00:00,3.064,2.442,2.347,2.587,2.41,2.561,2.296,2.219,2.886
2017-10-30 00:00:00,3.066,2.445,2.321,2.567,2.444,2.552,2.421,2.215,2.888
2017-11-06 00:00:00,3.243,2.515,2.331,2.563,2.491,2.594,2.607,2.245,2.92
2017-11-13 00:00:00,3.275,2.538,2.514,2.589,2.526,2.63,2.482,2.297,2.985
2017-11-20 00:00:00,3.222,2.525,2.453,2.589,2.495,2.615,2.538,2.261,2.989
2017-11-27 00:00:00,3.2,2.514,2.421,2.577,2.463,2.602,2.388,2.241,2.972
2017-12-04 00:00:00,3.16,2.492,2.394,2.563,2.436,2.598,2.249,2.239,2.95
2017-12-11 00:00:00,3.12,2.463,2.358,2.537,2.397,2.567,2.334,2.201,2.929
2017-12-18 00:00:00,3.106,2.437,2.318,2.518,2.385,2.544,2.2,2.144,2.923
2017-12-25 00:00:00,3.133,2.403,2.299,2.494,2.374,2.531,2.367,2.161,2.887
2018-01-01 00:00:00,3.148,2.396,2.43,2.521,2.384,2.578,2.467,2.239,2.887
2018-01-08 00:00:00,3.199,2.388,2.419,2.548,2.414,2.602,2.373,2.239,2.886
2018-01-15 00:00:00,3.196,2.397,2.415,2.528,2.484,2.616,2.457,2.271,2.893
2018-01-22 00:00:00,3.209,2.408,2.523,2.537,2.499,2.639,2.343,2.302,2.908
2018-01-29 00:00:00,3.296,2.454,2.516,2.564,2.567,2.694,2.426,2.333,2.928
2018-02-05 00:00:00,3.37,2.469,2.585,2.6,2.575,2.708,2.489,2.344,2.961
2018-02-12 00:00:00,3.358,2.456,2.614,2.621,2.556,2.695,2.331,2.312,2.979
2018-02-19 00:00:00,3.349,2.426,2.514,2.584,2.524,2.666,2.2,2.255,2.96
2018-02-26 00:00:00,3.36,2.389,2.455,2.554,2.502,2.643,2.263,2.235,2.954
2018-03-05 00:00:00,3.356,2.369,2.498,2.536,2.493,2.631,2.363,2.282,2.983
2018-03-12 00:00:00,3.392,2.366,2.425,2.531,2.48,2.609,2.393,2.285,2.994
2018-03-19 00:00:00,3.431,2.383,2.508,2.532,2.47,2.612,2.486,2.307,3.063
2018-03-26 00:00:00,3.487,2.44,2.522,2.551,2.496,2.678,2.382,2.379,3.114
2018-04-02 00:00:00,3.541,2.486,2.616,2.609,2.499,2.716,2.454,2.417,3.148
2018-04-09 00:00:00,3.522,2.486,2.57,2.609,2.483,2.701,2.544,2.404,3.168
2018-04-16 00:00:00,3.553,2.603,2.575,2.662,2.493,2.784,2.582,2.479,3.204
2018-04-23 00:00:00,3.567,2.61,2.718,2.728,2.546,2.876,2.675,2.529,3.233
2018-04-30 00:00:00,3.609,2.62,2.699,2.764,2.596,2.911,2.763,2.595,3.248
2018-05-07 00:00:00,3.632,2.641,2.673,2.789,2.626,2.917,2.626,2.591,3.32
2018-05-14 00:00:00,3.599,2.718,2.788,2.833,2.719,2.942,2.784,2.628,3.289
2018-05-21 00:00:00,3.618,2.795,2.787,2.908,2.805,3.015,2.838,2.694,3.336
2018-05-28 00:00:00,3.636,2.87,2.875,2.96,2.835,3.023,2.847,2.747,3.378
2018-06-04 00:00:00,3.632,2.862,2.819,2.952,2.813,3.016,2.749,2.76,3.381
2018-06-11 00:00:00,3.618,2.836,2.748,2.91,2.797,3.013,2.743,2.728,3.364
2018-06-18 00:00:00,3.591,2.805,2.703,2.884,2.775,2.976,2.642,2.683,3.359
2018-06-25 00:00:00,3.562,2.773,2.657,2.871,2.75,2.944,2.552,2.639,3.342
2018-07-02 00:00:00,3.546,2.787,2.697,2.875,2.75,2.94,2.698,2.628,3.334
2018-07-09 00:00:00,3.55,2.784,2.681,2.877,2.753,2.938,2.745,2.648,3.328
2018-07-16 00:00:00,3.535,2.773,2.758,2.885,2.761,2.931,2.82,2.61,3.33
2018-07-23 00:00:00,3.514,2.743,2.708,2.875,2.753,2.906,2.692,2.578,3.31
2018-07-30 00:00:00,3.505,2.726,2.733,2.876,2.754,2.909,2.735,2.605,3.3
2018-08-06 00:00:00,3.501,2.733,2.718,2.876,2.776,2.915,2.753,2.587,3.289
2018-08-13 00:00:00,3.491,2.734,2.768,2.875,2.757,2.913,2.647,2.579,3.282
2018-08-20 00:00:00,3.462,2.744,2.719,2.863,2.737,2.909,2.689,2.559,3.282
2018-08-27 00:00:00,3.471,2.776,2.689,2.843,2.73,2.904,2.832,2.57,3.271
2018-09-03 00:00:00,3.498,2.819,2.765,2.844,2.724,2.9,2.702,2.539,3.288
2018-09-10 00:00:00,3.513,2.827,2.725,2.846,2.72,2.911,2.707,2.579,3.3
2018-09-17 00:00:00,3.52,2.869,2.708,2.846,2.729,2.918,2.757,2.561,3.288
2018-09-24 00:00:00,3.527,2.874,2.692,2.834,2.779,2.9,2.76,2.552,3.291
2018-10-01 00:00:00,3.624,2.902,2.793,2.842,2.815,2.899,2.697,2.587,3.311
2018-10-08 00:00:00,3.707,2.933,2.789,2.848,2.817,2.93,2.801,2.606,3.349
2018-10-15 00:00:00,3.708,2.915,2.762,2.823,2.809,2.92,2.631,2.609,3.41
2018-10-22 00:00:00,3.709,2.881,2.723,2.823,2.752,2.904,2.527,2.562,3.452
2018-10-29 00:00:00,3.683,2.854,2.669,2.804,2.726,2.888,2.64,2.496,3.442
2018-11-05 00:00:00,3.644,2.818,2.599,2.782,2.683,2.868,2.497,2.43,3.43
2018-11-12 00:00:00,3.582,2.738,2.535,2.729,2.583,2.813,2.373,2.356,3.389
2018-11-19 00:00:00,3.526,2.651,2.469,2.692,2.49,2.772,2.391,2.277,3.321
2018-11-26 00:00:00,3.478,2.613,2.38,2.667,2.426,2.736,2.238,2.175,3.283
2018-12-03 00:00:00,3.399,2.503,2.297,2.63,2.338,2.689,2.074,2.088,3.201
2018-12-10 00:00:00,3.318,2.439,2.26,2.606,2.271,2.656,2.163,2.042,3.138
2018-12-17 00:00:00,3.271,2.359,2.256,2.565,2.218,2.608,2.042,2.006,3.055
2018-12-24 00:00:00,3.253,2.28,2.192,2.527,2.157,2.561,2.008,1.954,3.008
2018-12-31 00:00:00,3.219,2.236,2.14,2.483,2.083,2.513,1.866,1.901,2.989
2019-01-07 00:00:00,3.183,2.169,2.097,2.435,2.05,2.485,1.935,1.863,2.915
2019-01-14 00:00:00,3.161,2.069,2.103,2.41,2.025,2.448,1.999,1.899,2.868
2019-01-21 00:00:00,3.148,2.043,2.197,2.403,2.026,2.43,1.911,1.889,2.813
2019-01-28 00:00:00,3.13,2.017,2.186,2.392,2.041,2.414,1.988,1.955,2.763
2019-02-04 00:00:00,3.131,1.962,2.246,2.365,2.041,2.396,2.09,1.918,2.745
2019-02-11 00:00:00,3.155,1.955,2.209,2.332,2.085,2.382,2.165,1.952,2.736
2019-02-18 00:00:00,3.161,2.03,2.201,2.323,2.154,2.367,2.207,2.049,2.74
2019-02-25 00:00:00,3.184,2.12,2.31,2.368,2.297,2.447,2.331,2.107,2.742
2019-03-04 00:00:00,3.195,2.174,2.43,2.376,2.348,2.461,2.369,2.164,2.738
2019-03-11 00:00:00,3.223,2.226,2.427,2.397,2.407,2.521,2.433,2.205,2.784
2019-03-18 00:00:00,3.264,2.325,2.578,2.448,2.482,2.601,2.321,2.292,2.85
2019-03-25 00:00:00,3.389,2.42,2.579,2.513,2.544,2.635,2.486,2.379,2.96
2019-04-01 00:00:00,3.529,2.477,2.7,2.542,2.595,2.655,2.539,2.455,3.049
2019-04-08 00:00:00,3.718,2.533,2.671,2.557,2.618,2.713,2.641,2.453,3.151
2019-04-15 00:00:00,3.922,2.628,2.75,2.626,2.703,2.777,2.659,2.552,3.275
2019-04-22 00:00:00,3.948,2.695,2.698,2.717,2.743,2.814,2.571,2.542,3.36
2019-04-29 00:00:00,3.982,2.752,2.664,2.798,2.744,2.901,2.67,2.603,3.404
2019-05-06 00:00:00,4.006,2.779,2.733,2.838,2.736,2.916,2.739,2.573,3.451
2019-05-13 00:00:00,3.968,2.812,2.658,2.826,2.712,2.911,2.584,2.53,3.461
2019-05-20 00:00:00,3.934,2.816,2.598,2.813,2.694,2.898,2.707,2.545,3.437
2019-05-27 00:00:00,3.878,2.825,2.551,2.796,2.702,2.864,2.596,2.486,3.43
2019-06-03 00:00:00,3.83,2.828,2.517,2.772,2.706,2.848,2.739,2.437,3.405
2019-06-10 00:00:00,3.745,2.786,2.544,2.716,2.621,2.808,2.482,2.365,3.348
2019-06-17 00:00:00,3.678,2.745,2.432,2.682,2.559,2.766,2.461,2.359,3.304
2019-06-24 00:00:00,3.613,2.693,2.377,2.658,2.538,2.738,2.517,2.311,3.237
2019-07-01 00:00:00,3.621,2.665,2.493,2.681,2.543,2.796,2.621,2.376,3.219
2019-07-08 00:00:00,3.627,2.644,2.63,2.687,2.567,2.791,2.688,2.44,3.193
2019-07-15 00:00:00,3.605,2.642,2.584,2.71,2.626,2.804,2.809,2.474,3.172
2019-07-22 00:00:00,3.569,2.597,2.614,2.699,2.61,2.81,2.672,2.501,3.143
2019-07-29 00:00:00,3.551,2.558,2.52,2.695,2.591,2.793,2.683,2.454,3.121
2019-08-05 00:00:00,3.537,2.523,2.454,2.681,2.587,2.783,2.732,2.415,3.111
2019-08-12 00:00:00,3.487,2.507,2.376,2.671,2.546,2.763,2.503,2.343,3.095
2019-08-19 00:00:00,3.463,2.483,2.361,2.65,2.521,2.734,2.515,2.285,3.087
2019-08-26 00:00:00,3.44,2.47,2.313,2.635,2.494,2.72,2.531,2.289,3.076
2019-09-02 00:00:00,3.491,2.474,2.406,2.611,2.475,2.684,2.554,2.239,3.046
2019-09-09 00:00:00,3.494,2.503,2.385,2.556,2.426,2.664,2.429,2.261,3.055
2019-09-16 00:00:00,3.496,2.562,2.355,2.555,2.438,2.622,2.551,2.242,3.047
2019-09-23 00:00:00,3.613,2.669,2.454,2.565,2.617,2.659,2.663,2.364,3.059
2019-09-30 00:00:00,3.953,2.686,2.39,2.574,2.528,2.645,2.485,2.319,3.076
2019-10-07 00:00:00,4.091,2.685,2.42,2.554,2.507,2.624,2.559,2.267,3.123
2019-10-14 00:00:00,4.089,2.692,2.361,2.55,2.476,2.599,2.561,2.236,3.202
2019-10-21 00:00:00,4.03,2.716,2.413,2.544,2.474,2.587,2.514,2.27,3.265
2019-10-28 00:00:00,3.948,2.732,2.343,2.542,2.469,2.596,2.373,2.226,3.294
2019-11-04 00:00:00,3.953,2.779,2.399,2.543,2.457,2.596,2.453,2.208,3.298
2019-11-11 00:00:00,3.921,2.765,2.354,2.545,2.468,2.61,2.45,2.259,3.287
2019-11-18 00:00:00,3.847,2.786,2.323,2.537,2.448,2.6,2.572,2.204,3.267
2019-11-25 00:00:00,3.753,2.763,2.327,2.532,2.418,2.595,2.397,2.23,3.232
2019-12-02 00:00:00,3.674,2.769,2.406,2.533,2.412,2.591,2.603,2.203,3.196
2019-12-09 00:00:00,3.58,2.776,2.479,2.531,2.384,2.586,2.426,2.164,3.166
2019-12-16 00:00:00,3.508,2.732,2.418,2.528,2.361,2.581,2.559,2.219,3.055
2019-12-23 00:00:00,3.457,2.689,2.381,2.526,2.364,2.609,2.535,2.194,3.005
2019-12-30 00:00:00,3.438,2.658,2.419,2.558,2.371,2.614,2.637,2.273,3.005
2020-01-06 00:00:00,3.428,2.645,2.502,2.565,2.379,2.649,2.478,2.252,2.972
2020-01-13 00:00:00,3.419,2.608,2.446,2.56,2.445,2.651,2.54,2.252,2.959
2020-01-20 00:00:00,3.408,2.572,2.472,2.554,2.395,2.63,2.419,2.2,2.941
2020-01-27 00:00:00,3.388,2.528,2.398,2.542,2.364,2.599,2.401,2.168,2.919
2020-02-03 00:00:00,3.371,2.491,2.324,2.515,2.3,2.562,2.323,2.106,2.907
2020-02-10 00:00:00,3.366,2.474,2.333,2.492,2.269,2.536,2.245,2.056,2.918
2020-02-17 00:00:00,3.358,2.427,2.281,2.465,2.254,2.512,2.338,2.048,2.904
2020-02-24 00:00:00,3.36,2.391,2.369,2.478,2.316,2.508,2.353,2.128,2.915
2020-03-02 00:00:00,3.353,2.327,2.297,2.454,2.306,2.493,2.206,2.087,2.919
2020-03-09 00:00:00,3.325,2.249,2.233,2.42,2.237,2.472,2.231,2.033,2.909
2020-03-16 00:00:00,3.222,2.138,2.14,2.303,2.065,2.383,1.898,1.944,2.865
2020-03-23 00:00:00,3.066,2.03,2.042,2.175,1.93,2.302,1.737,1.835,2.696
2020-03-30 00:00:00,2.953,1.944,1.933,2.054,1.814,2.236,1.596,1.745,2.575
2020-04-06 00:00:00,2.872,1.849,1.868,1.975,1.704,2.191,1.505,1.616,2.483
2020-04-13 00:00:00,2.751,1.786,1.815,1.906,1.581,2.152,1.442,1.522,2.407
2020-04-20 00:00:00,2.7,1.721,1.778,1.869,1.533,2.111,1.415,1.487,2.31
2020-04-27 00:00:00,2.652,1.677,1.755,1.849,1.505,2.058,1.397,1.451,2.242
2020-05-04 00:00:00,2.635,1.65,1.74,1.844,1.516,2.045,1.576,1.429,2.228
2020-05-11 00:00:00,2.65,1.644,1.736,1.879,1.656,2.079,1.866,1.446,2.252
2020-05-18 00:00:00,2.688,1.702,1.739,1.903,1.731,2.089,1.873,1.507,2.278
2020-05-25 00:00:00,2.766,1.926,1.864,1.953,1.877,2.11,1.944,1.561,2.336
2020-06-01 00:00:00,2.798,2.072,1.864,1.961,1.883,2.11,1.959,1.581,2.366
2020-06-08 00:00:00,2.855,2.197,1.882,1.999,1.962,2.131,2.029,1.632,2.45
2020-06-15 00:00:00,2.891,2.288,1.99,2.013,1.996,2.144,2.033,1.761,2.508
2020-06-22 00:00:00,2.939,2.357,2.002,2.037,2.046,2.171,2.124,1.8,2.563
2020-06-29 00:00:00,2.963,2.44,2.003,2.078,2.092,2.19,2.144,1.869,2.607
2020-07-06 00:00:00,2.981,2.447,2.085,2.083,2.069,2.192,2.109,1.851,2.617
2020-07-13 00:00:00,3.022,2.453,2.088,2.086,2.072,2.198,2.155,1.863,2.645
2020-07-20 00:00:00,3.031,2.43,2.053,2.094,2.067,2.204,2.074,1.875,2.694
2020-07-27 00:00:00,3.049,2.409,2.033,2.089,2.045,2.194,2.024,1.847,2.715
2020-08-03 00:00:00,3.058,2.395,2.126,2.09,2.042,2.189,2.007,1.841,2.705
2020-08-10 00:00:00,3.054,2.372,2.099,2.088,2.032,2.178,2.087,1.789,2.698
2020-08-17 00:00:00,3.067,2.36,2.055,2.085,2.028,2.173,2.045,1.85,2.712
2020-08-24 00:00:00,3.092,2.352,2.033,2.082,2.038,2.163,2.042,1.859,2.735
2020-08-31 00:00:00,3.1,2.341,2.03,2.132,2.105,2.235,2.197,1.875,2.745
2020-09-07 00:00:00,3.106,2.306,2.171,2.106,2.101,2.227,2.049,1.875,2.75
2020-09-14 00:00:00,3.102,2.284,2.131,2.096,2.077,2.198,1.971,1.841,2.747
2020-09-21 00:00:00,3.086,2.268,2.09,2.09,2.051,2.179,1.991,1.816,2.734
2020-09-28 00:00:00,3.069,2.248,2.048,2.079,2.028,2.17,2.073,1.811,2.712
2020-10-05 00:00:00,3.061,2.215,2.149,2.064,2.009,2.163,2.074,1.792,2.693
2020-10-12 00:00:00,3.049,2.204,2.12,2.07,1.974,2.164,2.047,1.804,2.69
2020-10-19 00:00:00,3.047,2.194,2.081,2.06,1.957,2.167,1.98,1.796,2.674
2020-10-26 00:00:00,3.051,2.172,2.033,2.053,1.946,2.159,2.04,1.807,2.658
2020-11-02 00:00:00,3.033,2.137,1.993,2.041,1.932,2.146,1.962,1.748,2.652
2020-11-09 00:00:00,3.029,2.124,1.951,2.04,1.909,2.142,2.032,1.704,2.637
2020-11-16 00:00:00,3.027,2.113,1.944,2.046,1.952,2.15,1.929,1.749,2.648
2020-11-23 00:00:00,3.025,2.084,1.988,2.037,1.915,2.149,1.896,1.731,2.653
2020-11-30 00:00:00,3.032,2.102,1.994,2.05,1.936,2.147,1.912,1.741,2.649
2020-12-07 00:00:00,3.041,2.121,2.115,2.076,1.95,2.167,2.009,1.811,2.645
2020-12-14 00:00:00,3.04,2.125,2.099,2.121,2.002,2.175,1.965,1.806,2.614
2020-12-21 00:00:00,3.06,2.189,2.174,2.172,2.111,2.241,2.176,1.907,2.605
2020-12-28 00:00:00,3.085,2.205,2.168,2.191,2.126,2.242,2.243,1.894,2.603
2021-01-04 00:00:00,3.1,2.205,2.169,2.215,2.135,2.256,2.17,1.885,2.603
2021-01-11 00:00:00,3.145,2.249,2.264,2.268,2.188,2.313,2.25,1.981,2.602
2021-01-18 00:00:00,3.213,2.292,2.275,2.334,2.266,2.404,2.326,2.098,2.635
2021-01-25 00:00:00,3.245,2.302,2.356,2.357,2.279,2.439,2.288,2.073,2.649
2021-02-01 00:00:00,3.272,2.305,2.329,2.379,2.281,2.448,2.335,2.079,2.67
2021-02-08 00:00:00,3.316,2.363,2.439,2.424,2.288,2.491,2.366,2.133,2.733
2021-02-15 00:00:00,3.35,2.443,2.419,2.459,2.37,2.532,2.415,2.195,2.779
2021-02-22 00:00:00,3.451,2.481,2.574,2.546,2.56,2.643,2.643,2.328,2.843
2021-03-01 00:00:00,3.563,2.628,2.57,2.627,2.642,2.733,2.723,2.376,2.969
2021-03-08 00:00:00,3.638,2.725,2.677,2.671,2.695,2.769,2.719,2.463,3.055
2021-03-15 00:00:00,3.731,2.804,2.828,2.738,2.751,2.825,2.66,2.579,3.13
2021-03-22 00:00:00,3.76,2.899,2.885,2.758,2.747,2.831,2.597,2.583,3.215
2021-03-29 00:00:00,3.77,2.884,2.835,2.74,2.732,2.823,2.681,2.559,3.223
2021-04-05 00:00:00,3.787,2.885,2.803,2.744,2.718,2.824,2.786,2.539,3.229
2021-04-12 00:00:00,3.803,2.886,2.812,2.72,2.697,2.796,2.703,2.527,3.229
2021-04-19 00:00:00,3.835,2.92,2.786,2.737,2.704,2.797,2.678,2.511,3.244
2021-04-26 00:00:00,3.862,2.928,2.745,2.752,2.71,2.829,2.837,2.542,3.273
2021-05-03 00:00:00,3.906,2.93,2.736,2.782,2.71,2.865,2.766,2.536,3.348
2021-05-10 00:00:00,3.952,2.988,2.836,2.837,2.739,2.938,2.798,2.636,3.37
2021-05-17 00:00:00,3.981,3.049,2.854,2.888,2.814,2.977,2.869,2.761,3.412
2021-05-24 00:00:00,4.014,3.076,2.83,2.898,2.801,2.988,2.886,2.723,3.437
2021-05-31 00:00:00,4.057,3.086,2.824,2.898,2.817,2.983,2.959,2.682,3.442
2021-06-07 00:00:00,4.078,3.139,2.809,2.911,2.816,3.01,2.933,2.663,3.49
2021-06-14 00:00:00,4.086,3.181,2.936,2.92,2.843,3.057,3.038,2.734,3.494
2021-06-21 00:00:00,4.087,3.28,2.9,2.932,2.834,3.07,3.021,2.694,3.525
2021-06-28 00:00:00,4.126,3.335,2.898,2.959,2.903,3.08,2.95,2.749,3.605
2021-07-05 00:00:00,4.141,3.438,2.98,2.994,2.938,3.112,3.072,2.764,3.68
2021-07-12 00:00:00,4.165,3.447,2.968,3.005,2.964,3.125,3.01,2.802,3.732
2021-07-19 00:00:00,4.179,3.481,2.945,3.013,2.983,3.126,3.134,2.806,3.725
2021-07-26 00:00:00,4.174,3.495,2.914,3.002,2.97,3.117,3.037,2.769,3.753
2021-08-02 00:00:00,4.213,3.517,2.92,3.012,2.975,3.149,2.977,2.811,3.752
2021-08-09 00:00:00,4.234,3.622,2.981,3.022,3.003,3.135,3.065,2.804,3.782
2021-08-16 00:00:00,4.256,3.623,2.977,3.026,3.015,3.146,3.002,2.83,3.801
2021-08-23 00:00:00,4.232,3.606,2.934,3.024,3.007,3.141,2.904,2.776,3.806
2021-08-30 00:00:00,4.226,3.593,2.915,3.031,2.991,3.172,2.941,2.735,3.802
2021-09-06 00:00:00,4.227,3.584,2.987,3.071,2.991,3.227,3.042,2.797,3.797
2021-09-13 00:00:00,4.225,3.571,2.963,3.072,2.98,3.224,2.965,2.775,3.792
2021-09-20 00:00:00,4.217,3.534,3.056,3.079,2.991,3.226,3.103,2.755,3.781
2021-09-27 00:00:00,4.217,3.519,3.018,3.076,3.001,3.218,2.986,2.802,3.762
2021-10-04 00:00:00,4.241,3.514,2.996,3.078,3.025,3.212,3.119,2.785,3.755
2021-10-11 00:00:00,4.268,3.507,3.142,3.181,3.045,3.308,3.065,2.889,3.761
2021-10-18 00:00:00,4.339,3.505,3.142,3.276,3.089,3.402,3.265,2.917,3.767
2021-10-25 00:00:00,4.393,3.505,3.283,3.355,3.13,3.476,3.195,3.009,3.806
2021-11-01 00:00:00,4.439,3.497,3.268,3.38,3.158,3.487,3.164,3.011,3.79
2021-11-08 00:00:00,4.473,3.489,3.24,3.404,3.18,3.492,3.311,3.058,3.783
2021-11-15 00:00:00,4.532,3.479,3.219,3.401,3.164,3.499,3.24,3.019,3.777
2021-11-22 00:00:00,4.551,3.454,3.315,3.396,3.163,3.497,3.205,2.97,3.778
2021-11-29 00:00:00,4.554,3.412,3.296,3.392,3.154,3.496,3.159,2.928,3.776
2021-12-06 00:00:00,4.53,3.369,3.237,3.373,3.11,3.451,3.063,2.94,3.771
2021-12-13 00:00:00,4.513,3.313,3.203,3.355,3.082,3.446,3.042,2.884,3.755
2021-12-20 00:00:00,4.503,3.286,3.169,3.35,3.072,3.438,2.977,2.89,3.749
2021-12-27 00:00:00,4.485,3.264,3.168,3.355,3.072,3.428,2.928,2.85,3.732
2022-01-03 00:00:00,4.501,3.252,3.152,3.346,3.076,3.419,2.903,2.896,3.75
2022-01-10 00:00:00,4.503,3.249,3.127,3.33,3.08,3.398,3.143,2.867,3.825
2022-01-17 00:00:00,4.497,3.231,3.169,3.301,3.131,3.393,3.069,2.919,3.864
2022-01-24 00:00:00,4.486,3.232,3.18,3.288,3.159,3.416,3.033,2.98,3.86
2022-01-31 00:00:00,4.488,3.247,3.303,3.323,3.164,3.47,3.12,2.988,3.858
2022-02-07 00:00:00,4.507,3.274,3.42,3.39,3.28,3.524,3.273,3.094,3.855
2022-02-14 00:00:00,4.524,3.283,3.404,3.444,3.306,3.639,3.238,3.143,3.857
2022-02-21 00:00:00,4.57,3.289,3.457,3.512,3.388,3.692,3.377,3.2,3.87
2022-02-28 00:00:00,4.671,3.306,3.475,3.581,3.432,3.75,3.335,3.282,3.888
2022-03-07 00:00:00,5.187,3.747,4.003,4.176,3.759,4.3,3.859,3.766,4.303
2022-03-14 00:00:00,5.587,3.934,4.286,4.296,3.945,4.365,4.085,3.98,4.669
2022-03-21 00:00:00,5.71,3.917,4.082,4.2,3.923,4.278,4.01,3.889,4.618
2022-03-28 00:00:00,5.764,3.928,4.046,4.175,3.929,4.236,4.073,3.818,4.634
2022-04-04 00:00:00,5.714,3.903,4.096,4.103,3.898,4.163,3.923,3.745,4.574
2022-04-11 00:00:00,5.619,3.883,3.997,4.038,3.831,4.104,3.776,3.655,4.516
2022-04-18 00:00:00,5.545,3.896,3.942,4.027,3.839,4.055,3.698,3.671,4.495
2022-04-25 00:00:00,5.514,3.953,4.046,4.094,3.877,4.119,3.758,3.757,4.529
2022-05-02 00:00:00,5.526,3.971,4.138,4.19,3.89,4.26,3.925,3.849,4.564
2022-05-09 00:00:00,5.654,3.981,4.153,4.397,3.962,4.463,4.072,3.987,4.686
2022-05-16 00:00:00,5.793,4.073,4.461,4.647,4.106,4.734,4.284,4.137,4.872
2022-05-23 00:00:00,5.904,4.087,4.436,4.711,4.137,4.85,4.421,4.266,5.075
2022-05-30 00:00:00,5.993,4.201,4.54,4.724,4.222,4.853,4.391,4.209,5.074
2022-06-06 00:00:00,6.178,4.594,4.724,4.977,4.597,4.767,4.813,4.56,5.252
2022-06-13 00:00:00,6.271,4.847,4.852,5.04,4.753,4.938,5.038,4.642,5.409
2022-06-20 00:00:00,6.216,4.87,4.736,4.956,4.74,4.884,4.922,4.64,5.416
2022-06-27 00:00:00,6.138,4.868,4.579,4.865,4.727,4.827,4.805,4.517,5.352
2022-07-04 00:00:00,6.042,4.86,4.444,4.784,4.695,4.757,4.677,4.335,5.322
2022-07-11 00:00:00,5.903,4.823,4.331,4.641,4.656,4.64,4.525,4.167,5.223
2022-07-18 00:00:00,5.708,4.737,4.194,4.539,4.461,4.536,4.344,3.954,5.091
2022-07-25 00:00:00,5.573,4.539,4.028,4.44,4.335,4.441,4.111,3.786,4.979
2022-08-01 00:00:00,5.472,4.318,3.873,4.398,4.14,4.359,3.889,3.65,4.892
2022-08-08 00:00:00,5.298,4.08,3.693,4.328,3.973,4.261,3.653,3.497,4.754
2022-08-15 00:00:00,5.218,3.89,3.569,4.202,3.877,4.173,3.562,3.39,4.67
2022-08-22 00:00:00,5.146,3.809,3.464,4.113,3.85,4.09,3.609,3.393,4.624
2022-08-29 00:00:00,5.061,3.652,3.548,4.007,3.783,3.994,3.492,3.318,4.594
2022-09-05 00:00:00,5.053,3.584,3.442,3.856,3.686,3.838,3.612,3.176,4.481
2022-09-12 00:00:00,5.182,3.51,3.386,3.734,3.669,3.74,3.507,3.065,4.488
2022-09-19 00:00:00,5.239,3.539,3.365,3.628,3.646,3.637,3.347,3.128,4.468
2022-09-26 00:00:00,5.615,3.64,3.34,3.512,3.663,3.542,3.594,3.057,4.789
2022-10-03 00:00:00,6.213,3.563,3.12,3.435,3.665,3.483,3.73,3.01,5.171
2022-10-10 00:00:00,6.156,3.642,3.286,3.54,3.765,3.557,3.94,3.213,5.215
2022-10-17 00:00:00,5.847,3.592,3.354,3.577,3.734,3.612,3.78,3.251,5.074
2022-10-24 00:00:00,5.5,3.492,3.309,3.535,3.674,3.586,3.649,3.141,4.869
2022-10-31 00:00:00,5.311,3.422,3.223,3.733,3.615,3.741,3.628,3.105,4.716
2022-11-07 00:00:00,5.228,3.408,3.406,3.819,3.591,3.832,3.861,3.124,4.674
2022-11-14 00:00:00,5.21,3.355,3.499,3.813,3.573,3.808,3.739,3.05,4.674
2022-11-21 00:00:00,5.034,3.248,3.398,3.776,3.457,3.735,3.591,2.922,4.539
2022-11-28 00:00:00,4.813,3.147,3.337,3.69,3.329,3.663,3.46,2.81,4.391
2022-12-05 00:00:00,4.564,3.039,3.205,3.595,3.216,3.586,3.287,2.701,4.193
2022-12-12 00:00:00,4.352,2.892,3.091,3.467,3.065,3.441,3.063,2.645,3.952
2022-12-19 00:00:00,4.198,2.757,2.951,3.349,2.971,3.363,2.881,2.551,3.759
2022-12-26 00:00:00,4.155,2.718,2.928,3.301,2.974,3.284,2.86,2.619,3.703
2023-01-02 00:00:00,4.216,2.845,3.25,3.301,3.035,3.301,3.053,2.837,3.698
2023-01-09 00:00:00,4.228,3.067,3.23,3.266,3.125,3.317,3.292,2.824,3.741
2023-01-16 00:00:00,4.248,3.363,3.232,3.256,3.136,3.327,3.276,2.925,3.81
2023-01-23 00:00:00,4.276,3.639,3.363,3.345,3.27,3.422,3.465,3.042,3.91
2023-01-30 00:00:00,4.358,3.793,3.499,3.38,3.413,3.477,3.51,3.069,3.987
2023-02-06 00:00:00,4.414,3.901,3.42,3.366,3.342,3.455,3.346,3.04,3.991
2023-02-13 00:00:00,4.428,3.961,3.321,3.341,3.303,3.412,3.258,2.955,3.978
2023-02-20 00:00:00,4.518,4.104,3.228,3.299,3.263,3.374,3.219,2.952,4.039
2023-02-27 00:00:00,4.586,4.052,3.232,3.217,3.228,3.331,3.089,2.843,4.101
2023-03-06 00:00:00,4.704,3.948,3.163,3.232,3.195,3.343,3.368,2.939,4.101
2023-03-13 00:00:00,4.732,3.844,3.262,3.247,3.28,3.381,3.374,3.061,4.111
2023-03-20 00:00:00,4.656,3.706,3.38,3.213,3.252,3.367,3.254,2.981,4.087
2023-03-27 00:00:00,4.634,3.513,3.307,3.193,3.225,3.351,3.163,3.067,4.093
2023-04-03 00:00:00,4.625,3.384,3.422,3.221,3.289,3.425,3.444,3.137,4.166
2023-04-10 00:00:00,4.682,3.34,3.539,3.327,3.414,3.467,3.692,3.242,4.262
2023-04-17 00:00:00,4.725,3.521,3.512,3.353,3.597,3.546,3.615,3.362,4.37
2023-04-24 00:00:00,4.694,3.498,3.648,3.474,3.581,3.612,3.598,3.252,4.447
2023-05-01 00:00:00,4.661,3.401,3.573,3.466,3.544,3.627,3.481,3.108,4.494
2023-05-08 00:00:00,4.638,3.324,3.482,3.406,3.459,3.58,3.334,2.993,4.466
2023-05-15 00:00:00,4.615,3.246,3.42,3.382,3.431,3.566,3.609,3.065,4.492
2023-05-22 00:00:00,4.609,3.246,3.344,3.395,3.486,3.56,3.491,2.997,4.524
2023-05-29 00:00:00,4.643,3.393,3.377,3.491,3.492,3.597,3.467,3.096,4.571
2023-06-05 00:00:00,4.648,3.38,3.301,3.495,3.465,3.592,3.361,3.022,4.575
2023-06-12 00:00:00,4.709,3.425,3.438,3.499,3.464,3.582,3.637,3.145,4.687
2023-06-19 00:00:00,4.689,3.51,3.366,3.504,3.438,3.59,3.5,3.074,4.769
2023-06-26 00:00:00,4.649,3.557,3.319,3.507,3.455,3.592,3.395,3.213,4.874
2023-07-03 00:00:00,4.651,3.789,3.243,3.525,3.428,3.584,3.293,3.114,4.88
2023-07-10 00:00:00,4.675,3.739,3.413,3.507,3.411,3.58,3.182,3.181,4.855
2023-07-17 00:00:00,4.721,3.812,3.361,3.504,3.419,3.568,3.347,3.144,4.84
2023-07-24 00:00:00,4.709,3.747,3.432,3.525,3.416,3.609,3.266,3.255,4.821
2023-07-31 00:00:00,4.828,3.958,3.607,3.643,3.66,3.743,3.502,3.428,4.849
2023-08-07 00:00:00,4.901,3.928,3.762,3.756,3.824,3.857,3.428,3.447,4.929
2023-08-14 00:00:00,4.981,3.912,3.679,3.735,3.815,3.86,3.659,3.382,4.956
2023-08-21 00:00:00,5.102,3.987,3.754,3.746,3.736,3.849,3.574,3.453,4.96
2023-08-28 00:00:00,5.106,3.893,3.655,3.72,3.656,3.828,3.471,3.357,4.969
2023-09-04 00:00:00,5.146,3.825,3.639,3.699,3.629,3.799,3.594,3.34,4.992
2023-09-11 00:00:00,5.254,3.87,3.551,3.7,3.952,3.797,3.51,3.332,4.969
2023-09-18 00:00:00,5.549,3.979,3.644,3.74,3.937,3.844,3.64,3.396,4.955
2023-09-25 00:00:00,5.699,3.86,3.532,3.729,3.848,3.797,3.516,3.31,4.926
2023-10-02 00:00:00,5.901,3.776,3.426,3.684,3.735,3.779,3.377,3.302,4.994
2023-10-09 00:00:00,5.604,3.682,3.412,3.647,3.593,3.705,3.241,3.146,4.885
2023-10-16 00:00:00,5.399,3.524,3.279,3.59,3.433,3.672,3.11,2.992,4.764
2023-10-23 00:00:00,5.223,3.587,3.166,3.534,3.4,3.644,3.251,2.989,4.662
2023-10-30 00:00:00,5.066,3.428,3.24,3.514,3.366,3.599,3.132,2.899,4.554
2023-11-06 00:00:00,4.944,3.258,3.1,3.474,3.287,3.535,3.101,2.8,4.405
2023-11-13 00:00:00,4.87,3.105,3.124,3.428,3.235,3.481,3.234,2.732,4.329
2023-11-20 00:00:00,4.769,2.955,2.979,3.388,3.152,3.428,3.108,2.737,4.273
2023-11-27 00:00:00,4.719,2.891,2.959,3.352,3.079,3.411,2.949,2.644,4.209
2023-12-04 00:00:00,4.596,2.801,3.102,3.306,3.034,3.366,2.875,2.692,4.153
2023-12-11 00:00:00,4.457,2.667,2.935,3.239,2.928,3.323,2.778,2.558,4.102
2023-12-18 00:00:00,4.359,2.576,2.812,3.189,2.84,3.256,2.658,2.463,4.055
2023-12-25 00:00:00,4.371,2.703,3.094,3.169,2.869,3.234,2.901,2.639,4.001
2024-01-01 00:00:00,4.479,2.611,3.029,3.151,2.849,3.208,2.772,2.605,3.987
2024-01-08 00:00:00,4.459,2.578,3.109,3.137,2.84,3.192,2.609,2.639,3.927
2024-01-15 00:00:00,4.339,2.567,3.017,3.076,2.782,3.128,2.865,2.626,3.897
2024-01-22 00:00:00,4.273,2.526,2.93,3.066,2.748,3.114,3.106,2.658,3.843
2024-01-29 00:00:00,4.294,2.748,3.078,3.065,2.818,3.147,2.982,2.745,3.82
2024-02-05 00:00:00,4.366,2.729,3.145,3.108,2.89,3.156,3.038,2.812,3.8
